ImageNumber,Mean_Bac_AreaShape_Center_X,Mean_Bac_AreaShape_Center_Y,Mean_Bac_AreaShape_Center_Z,Mean_Bac_Children_ExtraBac_Count,Mean_Bac_Children_IntraBac_Count,Mean_Bac_Distance_Centroid_Cell,Mean_Bac_Distance_Minimum_Cell,Mean_Bac_Location_Center_X,Mean_Bac_Location_Center_Y,Mean_Bac_Location_Center_Z,Mean_Bac_Parent_Cell,Mean_Cell_AreaShape_Center_X,Mean_Cell_AreaShape_Center_Y,Mean_Cell_AreaShape_Center_Z,Mean_Cell_Children_Bac_Count,Mean_Cell_Children_Shrink_bac_Count,Mean_Cell_Location_Center_X,Mean_Cell_Location_Center_Y,Mean_Cell_Location_Center_Z,Mean_ExtraBac_Parent_Bac,Mean_IntraBac_Parent_Bac,Mean_Nucleus_AreaShape_Center_X,Mean_Nucleus_AreaShape_Center_Y,Mean_Nucleus_AreaShape_Center_Z,Mean_Nucleus_Children_Bac_Count,Mean_Nucleus_Children_Shrink_bac_Count,Mean_Nucleus_Location_Center_X,Mean_Nucleus_Location_Center_Y,Mean_Nucleus_Location_Center_Z,Median_Bac_AreaShape_Center_X,Median_Bac_AreaShape_Center_Y,Median_Bac_AreaShape_Center_Z,Median_Bac_Children_ExtraBac_Count,Median_Bac_Children_IntraBac_Count,Median_Bac_Distance_Centroid_Cell,Median_Bac_Distance_Minimum_Cell,Median_Bac_Location_Center_X,Median_Bac_Location_Center_Y,Median_Bac_Location_Center_Z,Median_Bac_Parent_Cell,Median_Cell_AreaShape_Center_X,Median_Cell_AreaShape_Center_Y,Median_Cell_AreaShape_Center_Z,Median_Cell_Children_Bac_Count,Median_Cell_Children_Shrink_bac_Count,Median_Cell_Location_Center_X,Median_Cell_Location_Center_Y,Median_Cell_Location_Center_Z,Median_ExtraBac_Parent_Bac,Median_IntraBac_Parent_Bac,Median_Nucleus_AreaShape_Center_X,Median_Nucleus_AreaShape_Center_Y,Median_Nucleus_AreaShape_Center_Z,Median_Nucleus_Children_Bac_Count,Median_Nucleus_Children_Shrink_bac_Count,Median_Nucleus_Location_Center_X,Median_Nucleus_Location_Center_Y,Median_Nucleus_Location_Center_Z,StDev_Bac_AreaShape_Center_X,StDev_Bac_AreaShape_Center_Y,StDev_Bac_AreaShape_Center_Z,StDev_Bac_Children_ExtraBac_Count,StDev_Bac_Children_IntraBac_Count,StDev_Bac_Distance_Centroid_Cell,StDev_Bac_Distance_Minimum_Cell,StDev_Bac_Location_Center_X,StDev_Bac_Location_Center_Y,StDev_Bac_Location_Center_Z,StDev_Bac_Parent_Cell,StDev_Cell_AreaShape_Center_X,StDev_Cell_AreaShape_Center_Y,StDev_Cell_AreaShape_Center_Z,StDev_Cell_Children_Bac_Count,StDev_Cell_Children_Shrink_bac_Count,StDev_Cell_Location_Center_X,StDev_Cell_Location_Center_Y,StDev_Cell_Location_Center_Z,StDev_ExtraBac_Parent_Bac,StDev_IntraBac_Parent_Bac,StDev_Nucleus_AreaShape_Center_X,StDev_Nucleus_AreaShape_Center_Y,StDev_Nucleus_AreaShape_Center_Z,StDev_Nucleus_Children_Bac_Count,StDev_Nucleus_Children_Shrink_bac_Count,StDev_Nucleus_Location_Center_X,StDev_Nucleus_Location_Center_Y,StDev_Nucleus_Location_Center_Z
1,699.1549295774648,399.5492957746479,1.0,0.0,1.0,27.257492920469524,14.263510029612286,699.1524469156708,399.5175368197888,0.0,78.22535211267606,736.1902173913044,487.9021739130435,1.0,0.3858695652173913,0.3641304347826087,736.0376098160822,488.3650867937287,0.0,nan,36.0,735.2282608695652,487.0,1.0,0.27717391304347827,0.1956521739130435,735.2321763681862,487.26973302502074,0.0,675.0,393.0,1.0,0.0,1.0,21.04586819444835,14.00132073229237,673.7894736842105,393.6951219512195,0.0,83.0,761.5,461.0,1.0,0.0,0.0,760.3104259744034,460.3617953065019,0.0,nan,36.0,770.0,454.0,1.0,0.0,0.0,764.7280876246944,451.5295010708767,0.0,314.6455035404677,289.40564585304264,0.0,0.0,0.0,18.014957667731792,8.988089425947008,314.67588797235686,289.3531934044898,0.0,48.54537508123122,414.2053440966372,315.74642618317637,0.0,0.8772587642813872,0.8096002128988714,410.68537357377596,312.8876811661722,0.0,nan,20.493901531919196,413.2965722004329,314.5620316235423,0.0,0.7104198484407661,0.6209937763950304,412.3756519152566,313.2691337908461,0.0
2,479.55263157894734,519.9736842105264,1.0,0.02631578947368421,0.9736842105263158,26.276225308408414,14.176298597520953,479.51352590733546,519.9102804774566,0.0,60.26315789473684,673.8225806451613,521.8467741935484,1.0,0.29838709677419356,0.2903225806451613,674.4526404075066,521.8816303414102,0.0,23.0,19.405405405405407,674.2016129032259,521.4193548387096,1.0,0.21774193548387097,0.16129032258064516,673.8542156981347,521.4766514069402,0.0,472.5,440.0,1.0,0.0,1.0,26.451370868855822,13.074390911449017,472.0,439.75,0.0,57.5,688.5,507.0,1.0,0.0,0.0,685.628303774127,508.15065698378623,0.0,23.0,19.0,702.5,509.0,1.0,0.0,0.0,701.8671949821011,505.63508250996784,0.0,324.3627515580942,297.72819526347797,0.0,0.16007269816574266,0.16007269816574266,15.359972034774106,9.703257434203048,324.20896540295064,297.6429106339256,0.0,37.20192709392062,420.96414007852246,305.49325646838537,0.0,0.7068768053190195,0.7045267634787598,418.7682686571235,301.8016511194189,0.0,0.0,11.097746202792367,418.50195551704667,304.4941891699962,0.0,0.616447730444721,0.49817565198324193,418.5048160515053,303.2881413758553,0.0
3,795.275,520.2125,1.0,0.075,0.925,25.058354309954197,16.19610860903457,795.3534202348541,520.3345887238386,0.0,81.475,658.0434782608696,474.0993788819876,1.0,0.45962732919254656,0.4472049689440994,658.7760411118917,473.62296179245936,0.0,45.833333333333336,40.067567567567565,657.4844720496894,472.5031055900621,1.0,0.30434782608695654,0.2111801242236025,657.3504444115472,472.66714520250923,0.0,801.5,511.0,1.0,0.0,1.0,21.112832787834826,16.63157050725863,801.6830985915493,511.5320467593553,0.0,72.0,652.0,467.0,1.0,0.0,0.0,649.9880979893691,462.80522139749166,0.0,46.0,39.0,653.0,459.0,1.0,0.0,0.0,655.1736353960772,456.9524601854053,0.0,346.08499588251436,287.7712934671386,0.0,0.26339134382131846,0.26339134382131846,16.550386666294617,9.42072193962689,346.10706620143145,287.7756405936324,0.0,45.60344696401797,387.386999718156,321.7074633688063,0.0,1.0335597824264393,1.0024852417123586,384.8817319373533,317.387976134978,0.0,7.861650943380503,23.853341927501475,385.22707840025447,320.53658668942046,0.0,0.8193580145672871,0.6632307327185198,385.0894251387296,318.76294342638823,0.0
4,644.4193548387096,517.7096774193549,1.0,0.06451612903225806,0.9354838709677419,23.4842145642727,16.927853388673835,644.3671253575699,517.7306042604641,0.0,81.09677419354838,745.4058823529411,512.7941176470588,1.0,0.17058823529411765,0.17058823529411765,745.0480361375485,512.5720349369219,0.0,14.5,16.103448275862068,745.7294117647059,511.55882352941177,1.0,0.12941176470588237,0.12352941176470589,745.5514254524289,511.6331147787353,0.0,603.0,490.0,1.0,0.0,1.0,18.353716948063735,17.813074370914,602.6395348837209,490.5,0.0,79.0,812.0,505.5,1.0,0.0,0.0,813.1762102897087,498.8373585262374,0.0,14.5,16.0,816.0,510.0,1.0,0.0,0.0,818.3032230627473,508.8213559072179,0.0,373.0364311702396,285.29014020799235,0.0,0.24567010018915833,0.2456701001891583,14.463609081818191,8.271639523307119,373.0759016603978,285.39092626829375,0.0,50.806625703746796,414.4100767719142,307.495172550511,0.0,0.46051723590705484,0.46051723590705484,412.0409026655615,303.3555762874054,0.0,3.5,9.192743868591768,413.7055329077404,306.09373719754063,0.0,0.39965382944618894,0.3941176470588236,412.95376838747603,304.82718738839867,0.0
5,738.3684210526316,428.36842105263156,1.0,0.02631578947368421,0.9736842105263158,34.294868879402536,12.91835939402891,738.4010115784301,428.3252866625596,0.0,89.65789473684211,660.5247524752475,485.15841584158414,1.0,0.18316831683168316,0.17326732673267325,660.7096280816789,484.77911750793527,0.0,10.0,19.756756756756758,660.6435643564356,485.1485148514852,1.0,0.10891089108910891,0.0891089108910891,660.7361351148536,485.0955779704667,0.0,686.0,490.0,1.0,0.0,1.0,32.1078317813137,13.462901237076712,685.5661157024794,490.2326752948886,0.0,107.0,681.0,458.0,1.0,0.0,0.0,680.6925480952448,457.68987194025726,0.0,10.0,20.0,677.5,474.0,1.0,0.0,0.0,679.1618054310122,470.7784459682582,0.0,382.17331567404904,258.5382411958912,0.0,0.16007269816574266,0.16007269816574266,19.77850840655738,6.878832605854604,381.85520416393007,258.568683471724,0.0,53.034882421502594,412.9342381431689,310.0219964305077,0.0,0.5275704273628877,0.4716499560178772,410.54997508500463,307.3792405300772,0.0,0.0,10.999767578393216,411.56944445269176,309.3260603420042,0.0,0.35602286329436045,0.3177585452649745,410.65968431712497,308.07768939915127,0.0
6,652.3384615384615,407.84615384615387,1.0,0.0,1.0,28.402840150576836,13.287837624247938,652.3274493408612,407.9767861400515,0.0,76.4,632.520618556701,531.3865979381443,1.0,0.33505154639175255,0.31958762886597936,632.6714532734311,530.9916845878074,0.0,nan,33.0,632.1237113402062,529.680412371134,1.0,0.1958762886597938,0.12371134020618557,631.8123078289124,529.8559788809506,0.0,533.0,385.0,1.0,0.0,1.0,25.490654304895408,14.225851759267142,533.5,384.85714285714283,0.0,75.0,625.5,549.5,1.0,0.0,0.0,627.1611218623859,547.5530623209543,0.0,nan,33.0,617.0,547.5,1.0,0.0,0.0,619.8900047141511,549.0867154235384,0.0,383.54296828479346,260.42765011946324,0.0,0.0,0.0,16.055358449578975,6.980784224832516,383.4296909053411,260.4208455848635,0.0,49.29964892994051,393.6283794663018,302.9480238938843,0.0,0.7773257403568468,0.7536357477318377,392.4073088701565,300.59738288462336,0.0,nan,18.76166303929372,392.7075656492815,301.92393547415395,0.0,0.5303019030767705,0.43689938351375446,391.98958558617346,301.1171394896026,0.0
7,749.0877192982456,537.140350877193,1.0,0.0,1.0,22.688554628013705,14.624042039099905,749.162943021212,537.1290031045587,0.0,100.49122807017544,637.2717948717949,522.9692307692308,1.0,0.2923076923076923,0.28205128205128205,637.40438915473,521.7462102919616,0.0,nan,29.0,636.7179487179487,522.3794871794872,1.0,0.16923076923076924,0.12307692307692308,637.5199041698227,521.9943895325079,0.0,741.0,536.0,1.0,0.0,1.0,21.10680927774238,14.78346879450987,741.0,537.228813559322,0.0,104.0,610.0,510.0,1.0,0.0,0.0,616.0287677114642,510.1668867177185,0.0,nan,29.0,609.0,508.0,1.0,0.0,0.0,609.1622117400419,508.9296998420221,0.0,350.2378280040205,255.09320199711328,0.0,0.0,0.0,10.646655391085357,7.670159528566889,350.1942435206661,254.92093307058042,0.0,45.42513517326489,400.3000707473934,316.73980112603,0.0,0.7314841307441823,0.7284939838801955,399.2721277084999,312.87569929115136,0.0,nan,16.451950239004088,401.5659570767569,315.98661054032436,0.0,0.5702693228569427,0.4587952665916931,400.65274389159833,314.1020217042469,0.0
8,756.8787878787879,486.6363636363636,1.0,0.015151515151515152,0.9848484848484849,28.44819317413859,12.611355001339794,757.0147124140087,486.60667751306505,0.0,84.72727272727273,726.7292817679559,506.8674033149171,1.0,0.35911602209944754,0.34806629834254144,725.8526111115984,507.9647991141653,0.0,49.0,33.261538461538464,727.292817679558,507.50276243093924,1.0,0.2430939226519337,0.1712707182320442,726.9005514942174,507.3435909254024,0.0,756.0,426.5,1.0,0.0,1.0,27.080012308662432,10.017374780931565,756.0,425.9596774193549,0.0,75.0,761.0,518.0,1.0,0.0,0.0,764.6672191310524,520.7285459940653,0.0,49.0,33.0,767.0,512.0,1.0,0.0,0.0,764.9166926677067,517.9969845457972,0.0,358.5694858973817,278.0119158315928,0.0,0.1221554204287659,0.1221554204287659,13.14272882098887,9.904162882290416,358.5061256461895,278.055892777794,0.0,48.661647350506065,416.7406796977633,306.794772025007,0.0,0.7924277632816353,0.7762775006629196,413.8784842822537,303.7101740783851,0.0,0.0,19.09835024939381,416.30145712942533,306.91551601421116,0.0,0.6276495987434747,0.5133069458270467,414.97355700319986,304.40320281794374,0.0
9,567.9354838709677,506.51612903225805,1.0,0.03225806451612903,0.967741935483871,22.195609518356225,15.38844063839654,567.9962526647597,506.52960291417446,0.0,119.51612903225806,686.7892561983471,493.7314049586777,1.0,0.12396694214876033,0.10743801652892562,686.3427142005954,493.7376413235079,0.0,28.0,15.6,686.3099173553719,493.3512396694215,1.0,0.07024793388429752,0.05371900826446281,686.443151292185,493.238786815482,0.0,565.0,449.0,1.0,0.0,1.0,19.539754514217925,14.036889681060185,564.3948220064725,448.9148936170213,0.0,111.0,678.5,487.0,1.0,0.0,0.0,674.5781614248717,488.3981260485574,0.0,28.0,15.5,678.5,486.5,1.0,0.0,0.0,679.5281689250683,485.99354447471563,0.0,318.752602568388,242.28320817931393,0.0,0.17668469596940845,0.17668469596940845,13.691682677857564,7.856594680678691,318.67375891710486,242.32548310162275,0.0,58.28288686350945,404.39182094009817,309.2572516391726,0.0,0.4822510565585177,0.4599973570272974,403.3714980368737,306.53074236708784,0.0,0.0,8.815138493901651,404.36052850035213,308.947567996886,0.0,0.30017753096965294,0.25954229334615214,403.3862180727244,307.49730411400145,0.0
10,797.843137254902,509.96078431372547,1.0,0.0392156862745098,0.9607843137254902,26.315089468936197,17.78286665404498,797.9487488632527,509.974977967047,0.0,67.43137254901961,675.4057971014493,509.0072463768116,1.0,0.35507246376811596,0.34782608695652173,674.746904192846,507.4189389568809,0.0,22.5,26.142857142857142,675.7028985507246,508.40579710144925,1.0,0.1956521739130435,0.15942028985507245,675.7453677330261,508.3002467466842,0.0,924.0,527.0,1.0,0.0,1.0,21.703949930351815,14.095437487839053,924.0169491525423,526.542735042735,0.0,73.0,674.5,516.5,1.0,0.0,0.0,677.6960244984989,513.6470726122516,0.0,22.5,26.0,674.0,511.5,1.0,0.0,0.0,669.95526041825,513.8442787591592,0.0,331.23425586256064,271.00430217150296,0.0,0.1941077438551307,0.1941077438551307,16.54200686321889,11.808670406332745,331.27022391719834,270.89094949824107,0.0,37.818583927389085,401.5673394118795,316.91183102424907,0.0,0.8323245311678521,0.8222642291306831,399.55518923435636,311.34711360055184,0.0,10.5,14.848898811641467,400.485781278301,315.6569785104325,0.0,0.6239042063707843,0.6048880218756292,399.99317030719084,313.27563595068733,0.0
11,623.3076923076923,619.0512820512821,1.0,0.0,1.0,30.397561033878574,13.325548557422426,622.7982650002012,618.6657137680966,0.0,88.6923076923077,637.2430555555555,509.5625,1.0,0.2708333333333333,0.2638888888888889,637.2040363246847,509.6466416475258,0.0,nan,20.0,635.6527777777778,508.2291666666667,1.0,0.1875,0.1527777777777778,636.2092523070512,508.5846648059796,0.0,592.0,564.0,1.0,0.0,1.0,26.81019751093716,12.020815280171307,591.5426356589147,563.6666666666666,0.0,86.0,593.0,489.0,1.0,0.0,0.0,587.7219588369169,494.33315915567346,0.0,nan,20.0,592.0,486.5,1.0,0.0,0.0,589.3247032200666,494.1390078203816,0.0,299.4977979325882,182.26719590613266,0.0,0.0,0.0,18.03561861763142,9.147733716943948,299.6958330033485,182.56462071487184,0.0,23.844747683933534,395.43807013600224,296.510626536901,0.0,0.7924886084004265,0.7904474041740109,392.9855212982132,293.73442437586954,0.0,nan,11.254628677422755,394.4441116489206,295.39332815074243,0.0,0.7067998105703073,0.6489247992346482,393.6714990946331,294.5920739705454,0.0
12,728.1012658227849,460.5822784810127,1.0,0.0,1.0,23.708545577924667,18.444536193801248,727.96441280795,460.59063951508347,0.0,63.0126582278481,689.6846153846154,482.7846153846154,1.0,0.6076923076923076,0.6076923076923076,689.9110235106016,482.33895548625753,0.0,nan,40.0,689.623076923077,480.87692307692305,1.0,0.2692307692307692,0.15384615384615385,689.708338654024,480.59029332308666,0.0,787.0,416.0,1.0,0.0,1.0,20.76652120697491,18.277984587222644,787.5449735449736,416.31111111111113,0.0,62.0,709.0,477.0,1.0,0.0,0.0,706.8556049069489,469.44027896182524,0.0,nan,40.0,708.0,473.5,1.0,0.0,0.0,708.329859612484,475.5990427497452,0.0,327.69372837857435,279.7259783736344,0.0,0.0,0.0,14.694754320457037,9.46255230691788,327.7197131002723,279.74369713554313,0.0,36.246865834265485,427.42637754922436,290.1466203521508,0.0,1.0414202864443114,1.0414202864443114,425.5841773850694,288.32770545077574,0.0,nan,22.80350850198276,428.4310063006217,290.31680349324006,0.0,0.6993234262041204,0.532938710021193,426.7969565112326,289.10470978852203,0.0
13,625.7962962962963,577.3518518518518,1.0,0.05555555555555555,0.9444444444444444,32.00757392220547,13.100247791153311,625.9347262649843,577.4094201327348,0.0,83.88888888888889,698.951724137931,459.88275862068963,1.0,0.35172413793103446,0.33793103448275863,699.5824038769065,461.9628220517403,0.0,43.333333333333336,26.568627450980394,698.7793103448275,459.6275862068965,1.0,0.23448275862068965,0.15862068965517243,698.7162949401418,460.10035564809994,0.0,659.0,572.5,1.0,0.0,1.0,27.77760346213214,13.09636699268394,659.02770335441,572.5160730257273,0.0,96.0,747.0,429.0,1.0,0.0,0.0,733.4568240029272,432.8354561996361,0.0,39.0,26.0,741.0,425.0,1.0,0.0,0.0,740.4527777777778,425.9021113243762,0.0,368.48400033760095,248.93172925503887,0.0,0.2290614236454256,0.2290614236454256,17.816099599640264,9.582641226194765,368.27605093932715,248.970241676469,0.0,38.29257091988367,396.9519614996337,295.82880658614556,0.0,0.8011288112257485,0.7260729483173437,394.9457806345871,291.81547208628285,0.0,6.847546194724712,15.454239727889869,394.74140761045453,294.61366742244775,0.0,0.5873821889618644,0.4937661329563792,393.67028873411834,292.94651667206904,0.0
14,643.775,481.65,1.0,0.1,0.9,34.374770984383,16.32996132048412,643.761635892398,481.62526088068216,0.0,64.625,701.1077844311377,545.8502994011976,1.0,0.2155688622754491,0.19161676646706588,700.9308254473475,545.6881849899632,0.0,19.75,20.583333333333332,700.3532934131737,545.5329341317365,1.0,0.10778443113772455,0.0658682634730539,700.7139630870938,544.8823915819893,0.0,632.0,460.5,1.0,0.0,1.0,28.541795450396954,12.645864133832461,632.6180555555555,460.9665178571429,0.0,52.0,702.0,552.0,1.0,0.0,0.0,704.6889795918368,552.8085299455536,0.0,19.0,20.5,693.0,555.0,1.0,0.0,0.0,692.7457744049673,553.6770386266095,0.0,315.4892619012571,313.6241819439311,0.0,0.30000000000000004,0.3,23.1573911692794,14.24020413546785,315.5334354609801,313.6474608051585,0.0,52.04358149666489,405.4636590394731,286.9754444781701,0.0,0.5905418244761261,0.5573045882013379,402.0373950973867,283.5923968945866,0.0,17.311484627264065,10.709224995301948,404.2142681610359,285.5462206454917,0.0,0.37956704171833494,0.33080783992654217,402.64781786589066,284.0891515214278,0.0
15,634.2682926829268,489.5365853658537,1.0,0.024390243902439025,0.975609756097561,24.8389302815934,14.567788513986875,634.2799870467135,489.52601800760766,0.0,94.90243902439025,631.6634146341463,526.3365853658537,1.0,0.1951219512195122,0.18048780487804877,632.2947880864563,525.5177765263759,0.0,2.0,21.475,632.2146341463415,525.7268292682927,1.0,0.13658536585365855,0.08780487804878048,632.380108891672,525.639593982063,0.0,690.0,488.0,1.0,0.0,1.0,24.905490273003647,11.550083967060937,690.6,488.0,0.0,93.0,610.0,536.0,1.0,0.0,0.0,609.8202816901409,536.61872909699,0.0,2.0,21.5,611.0,536.0,1.0,0.0,0.0,615.9183070866142,536.5157745480326,0.0,375.61059391734244,281.9887644847882,0.0,0.1542574468374819,0.1542574468374819,11.40050191677491,11.299160316973431,375.471378682745,282.0771987402179,0.0,56.83300521577262,390.59355567479827,297.0565994817441,0.0,0.5141657792410287,0.5052019698487763,389.0957376258417,294.68891832527896,0.0,0.0,11.586603255484327,389.40823494679506,295.89784577426195,0.0,0.4315350352116385,0.3589925754726654,388.7584424619037,295.1702036370251,0.0
16,754.734375,541.4375,1.0,0.015625,0.984375,25.402194276981966,16.650188839677174,754.5838520047189,541.6160208955832,0.0,75.484375,704.8613138686131,481.02919708029196,1.0,0.45985401459854014,0.44525547445255476,704.7430573716126,482.8340543389204,0.0,29.0,32.55555555555556,704.6642335766423,480.2919708029197,1.0,0.26277372262773724,0.21897810218978103,704.5321658056255,480.5402574298583,0.0,747.0,600.0,1.0,0.0,1.0,20.19276400750935,17.94935188337564,746.7957990904013,599.8852040816327,0.0,83.0,729.0,460.0,1.0,0.0,0.0,728.9964111530321,465.9188570050639,0.0,29.0,33.0,734.0,466.0,1.0,0.0,0.0,728.7777161862527,458.77038269550746,0.0,320.3671839754493,253.62144988890432,0.0,0.12401959270615269,0.12401959270615269,17.618630403352793,10.855604323167983,320.43152250151735,253.50817813741915,0.0,32.01854549881014,378.74957893030006,328.2112756797014,0.0,1.0109950185798997,0.9659888321217274,376.86108510034916,322.92870365579626,0.0,0.0,18.613681414552822,377.73516921757323,327.28034725897516,0.0,0.7073139588540521,0.6360843774900539,376.1763281124696,324.8676049774254,0.0
17,611.948275862069,489.1034482758621,1.0,0.0,1.0,26.412985221274315,12.375497228073993,611.9902178965128,489.0542681790452,0.0,86.62068965517241,674.2445652173913,517.7717391304348,1.0,0.31521739130434784,0.30434782608695654,673.2898739445096,515.6769545946823,0.0,nan,29.5,673.7554347826087,516.2173913043479,1.0,0.21739130434782608,0.15760869565217392,673.5561883754076,516.4189397761538,0.0,619.0,443.0,1.0,0.0,1.0,24.49451860399754,11.084799940856056,618.8882978723404,443.70881410256413,0.0,81.0,686.5,509.5,1.0,0.0,0.0,683.464987779015,511.84025295720954,0.0,nan,29.5,686.0,511.0,1.0,0.0,0.0,685.0953203318585,514.1285915253698,0.0,318.8997476461082,325.1604213973186,0.0,0.0,0.0,14.124521908938359,8.7845477035191,318.9791383450661,325.1368910850075,0.0,57.16546690460009,399.3627804456066,300.2752578979345,0.0,0.6982796846238705,0.6550660510138854,398.12095787489983,298.9847315725736,0.0,nan,16.740669042783207,398.43399973443053,300.6401440581109,0.0,0.5865538070970452,0.5130331152232671,397.649676236112,299.4270940835523,0.0
18,662.1724137931035,549.1206896551724,1.0,0.05172413793103448,0.9482758620689655,27.365498716062326,15.757513538750569,662.24054131657,549.0585431130271,0.0,72.62068965517241,629.9868421052631,535.3421052631579,1.0,0.3618421052631579,0.35526315789473684,631.4432334966868,535.906153666828,0.0,36.0,29.145454545454545,629.9342105263158,534.8421052631579,1.0,0.25,0.20394736842105263,630.4122370081166,534.3096870125561,0.0,610.0,570.0,1.0,0.0,1.0,26.762699133087658,14.207617849543913,610.0260604422015,569.4227272727273,0.0,78.5,586.5,556.0,1.0,0.0,0.0,593.6362628507218,561.2796118847762,0.0,47.0,29.0,594.0,570.5,1.0,0.0,0.0,594.7011916172501,560.779499823258,0.0,391.8424708956673,265.4837534860497,0.0,0.2214695272183643,0.2214695272183643,15.90611574989419,9.815406076795957,391.7450602724693,265.5042340992245,0.0,40.19471040263833,364.0300737078077,307.8544620532472,0.0,0.8074435136285578,0.798088957058987,361.046296524054,306.0573591693472,0.0,22.992752481307377,16.256375735880237,360.85145418514617,307.7870526940569,0.0,0.6412364700532213,0.5886963271933753,360.5497719614248,306.37924230946214,0.0
19,676.6103896103896,531.2727272727273,1.0,0.012987012987012988,0.987012987012987,24.402658589025133,16.781265007396282,676.688235322513,531.4109307897257,0.0,85.01298701298701,666.0931677018633,497.0621118012422,1.0,0.4720496894409938,0.4720496894409938,664.8443355013404,496.45502556294133,0.0,59.0,38.73684210526316,664.7639751552795,495.14285714285717,1.0,0.3105590062111801,0.19254658385093168,664.9449785259274,495.47730779606206,0.0,682.0,576.0,1.0,0.0,1.0,20.76894170016636,12.875174169737342,682.3,576.1617647058823,0.0,95.0,663.0,470.0,1.0,0.0,0.0,654.8722400284901,465.5729483282675,0.0,59.0,38.5,663.0,465.0,1.0,0.0,0.0,661.151789759855,466.8527939949958,0.0,389.53972692537394,303.41046889127233,0.0,0.11321815437767983,0.11321815437767983,14.095982276012293,11.200393892823064,389.4873612930108,303.3440481294616,0.0,46.47733521277173,406.4363503031313,310.1759606689512,0.0,1.0096559391908622,1.0096559391908622,404.08372937422166,306.5700468666786,0.0,0.0,22.25236144834298,407.41262852584083,309.45714555242,0.0,0.7328666156483944,0.5629947425403558,405.58596241460236,307.72249095955686,0.0
20,694.5121951219512,506.8780487804878,1.0,0.012195121951219513,0.9878048780487805,24.953447535578693,15.241000092047022,694.3898044326894,506.96098312262933,0.0,80.9390243902439,613.7341772151899,500.0886075949367,1.0,0.5126582278481012,0.4936708860759494,613.4289338196039,500.4305799815853,0.0,11.0,41.876543209876544,613.8291139240506,499.3164556962025,1.0,0.35443037974683544,0.25316455696202533,613.9611229725194,499.4070173042663,0.0,593.5,548.5,1.0,0.0,1.0,23.73714908377999,14.831715333470916,593.6513761467891,548.9891395154552,0.0,84.0,583.5,486.5,1.0,0.0,0.0,579.424747754701,490.8041064499447,0.0,11.0,42.0,583.5,485.5,1.0,0.0,0.0,582.5642158394076,484.3995337170756,0.0,365.93699457368405,261.9116118941144,0.0,0.10975609756097561,0.10975609756097561,14.37073151068522,10.708110691361325,365.89038188213743,261.91651324831963,0.0,40.37215520778344,387.1901279230036,301.75690987121277,0.0,1.1998804886276235,1.2051935893816217,385.3676850252767,299.39414054284583,0.0,0.0,23.569902714617385,387.62354817754107,299.8966929428713,0.0,0.8935489571500301,0.7708018910196622,386.2950262010149,299.33891793565147,0.0
21,610.7428571428571,464.9428571428571,1.0,0.08571428571428572,0.9142857142857143,24.360894810551912,18.608178577911012,610.8095828024784,464.97412893610476,0.0,39.142857142857146,576.0933333333334,388.8666666666667,1.0,0.8533333333333334,0.8266666666666667,577.2257727990188,392.50561306458724,0.0,49.166666666666664,34.21875,579.24,389.3333333333333,1.0,0.5866666666666667,0.29333333333333333,578.8498147402529,390.09704049889086,0.0,483.0,474.0,1.0,0.0,1.0,21.940460891019626,15.141863291004983,482.7628001412429,474.07380952380953,0.0,45.0,479.0,340.0,1.0,0.0,0.0,488.76179194486326,341.92973042859916,0.0,56.5,33.5,476.0,335.0,1.0,0.0,0.0,477.35727788279775,336.3477088948787,0.0,439.830541579507,293.5522774427695,0.0,0.279941684889506,0.279941684889506,13.832428111513025,13.352824494892676,439.96285198704817,293.55065546872635,0.0,22.163861006013313,419.73474713866085,304.4322511751269,0.0,1.1511540103546336,1.1357621034158323,419.4054082959648,299.5307898248161,0.0,21.09831483528694,19.63770985724914,419.29292354311605,303.1093678672583,0.0,0.9394087975364552,0.7075466219424854,418.19325277488656,301.4917474973503,0.0
22,720.8604651162791,517.453488372093,1.0,0.023255813953488372,0.9767441860465116,29.022791847754984,15.442103747722657,720.8124017993199,517.4396050038763,0.0,60.883720930232556,842.3333333333334,484.5964912280702,1.0,0.7368421052631579,0.7105263157894737,839.9828635164815,484.54474639008043,0.0,39.0,43.607142857142854,843.2719298245614,480.5877192982456,1.0,0.4473684210526316,0.3333333333333333,841.7700990891307,481.9889097017187,0.0,670.5,532.5,1.0,0.0,1.0,26.946984337480544,14.568062494487059,670.1818181818182,532.5515151515151,0.0,63.0,912.5,461.0,1.0,0.0,0.0,907.5619088836969,463.0274390569059,0.0,39.0,44.5,895.0,458.0,1.0,0.0,0.0,895.9859033070786,456.89910185214933,0.0,322.1785278162252,259.21189397132866,0.0,0.1507148999629735,0.1507148999629735,12.999537532409484,9.894005959558903,322.1346167112035,259.14152175937375,0.0,29.769431256197503,387.96564929029444,294.3032425648412,0.0,1.263888677496693,1.247620079728828,384.85081938358724,291.08797702625395,0.0,3.0,25.10407757485532,387.1520687014142,291.5140997885011,0.0,0.9651116221522236,0.7798635358208024,385.8332279942726,291.5463851848288,0.0
23,693.9122807017544,467.0877192982456,1.0,0.0,1.0,27.954703573991598,11.02969544962729,694.0172275075761,466.96229553102535,0.0,90.6842105263158,670.4221105527638,517.6281407035176,1.0,0.2864321608040201,0.27638190954773867,670.9281363910485,517.2576118157838,0.0,nan,29.0,669.0150753768844,517.8793969849246,1.0,0.19095477386934673,0.11557788944723618,669.7769294653355,517.5224174431844,0.0,725.0,430.0,1.0,0.0,1.0,25.24968859908079,10.067368406905933,724.9318181818181,428.09774436090225,0.0,93.0,644.0,520.0,1.0,0.0,0.0,646.7455172413793,521.8983833718245,0.0,nan,29.0,641.0,526.0,1.0,0.0,0.0,644.8433242506812,521.7585301837271,0.0,356.0671768228404,280.59149808316147,0.0,0.0,0.0,11.536882521456176,8.395193930093503,355.99051694639263,280.6183691152242,0.0,54.32105917589205,400.7616400985005,302.8342041249639,0.0,0.6675288819308973,0.6566206884624918,398.4210270442757,300.421283079302,0.0,nan,16.451950239004088,400.46579007321486,302.4566674850615,0.0,0.5339890584436274,0.41541713940583685,398.8276489553326,300.8292285460186,0.0
24,577.3875,596.75,1.0,0.025,0.975,27.91952777126531,13.444486503276108,577.354177220093,596.6956496022676,0.0,111.5625,687.1197916666666,494.90625,1.0,0.40625,0.3958333333333333,687.4422949985446,495.3831026680238,0.0,45.0,40.38461538461539,686.4322916666666,493.84375,1.0,0.25,0.19270833333333334,686.887929027671,494.01328375027214,0.0,538.0,642.0,1.0,0.0,1.0,23.347487756888235,13.141620566897057,537.6595933263816,641.8569958847736,0.0,122.5,660.5,478.0,1.0,0.0,0.0,663.0747800429879,480.6992539615154,0.0,45.0,40.5,668.0,483.0,1.0,0.0,0.0,667.0049191278446,482.61025150172327,0.0,390.6251557999689,294.1766688573382,0.0,0.15612494995995996,0.15612494995995996,16.031318586733395,8.329187311996382,390.62133219395446,294.2757254702089,0.0,57.81064861900444,400.4504120674077,294.1979590813032,0.0,0.7155726873164832,0.7067998105703073,398.3991056775542,292.1966717428775,0.0,20.0,23.154570224643955,399.61965719366407,293.81620984770535,0.0,0.5303300858899106,0.47800470527379635,399.26588460675646,292.94857242139125,0.0
25,697.3584905660377,480.2641509433962,1.0,0.018867924528301886,0.9811320754716981,24.11469992964337,15.969879172513759,697.4286085320185,480.28675861780613,0.0,79.75471698113208,653.391061452514,527.1061452513967,1.0,0.2905027932960894,0.2905027932960894,653.7606542918307,526.0628710874453,0.0,32.0,26.903846153846153,654.9162011173185,525.7821229050279,1.0,0.2122905027932961,0.13966480446927373,655.1231117495114,525.4061476296644,0.0,573.0,458.0,1.0,0.0,1.0,21.789956353062905,17.248356468175963,572.6530612244898,457.6081081081081,0.0,71.0,625.0,552.0,1.0,0.0,0.0,625.9113351877608,550.0260370697264,0.0,32.0,26.5,625.0,544.0,1.0,0.0,0.0,630.2691231343283,544.9415963659961,0.0,360.60301144315554,297.336741374908,0.0,0.1360585386967543,0.1360585386967543,13.318826874896178,8.597038355855588,360.56104193630887,297.42044231563943,0.0,53.66946556799185,394.7387979149253,291.7574084427511,0.0,0.6381443714544642,0.6381443714544642,393.21440118635735,289.8175657397146,0.0,0.0,15.42757223956837,394.4419560149479,290.3427227668186,0.0,0.5386355661762658,0.41955270068197964,393.28110231022487,289.84491761070876,0.0
26,590.9019607843137,484.5686274509804,1.0,0.1568627450980392,0.8431372549019608,25.022799281744156,18.573100007505595,590.9005447128193,484.7012673530317,0.0,53.627450980392155,717.8333333333334,452.5,1.0,0.35833333333333334,0.3416666666666667,718.0098270271689,453.8179419849041,0.0,28.0,25.627906976744185,718.9833333333333,450.01666666666665,1.0,0.23333333333333334,0.15833333333333333,718.9709533278166,450.9442666029137,0.0,465.0,430.0,1.0,0.0,1.0,24.329418205677722,18.4154271335039,465.1372549019608,430.65671641791045,0.0,53.0,783.0,461.0,1.0,0.0,0.0,785.0156695979977,460.7876571858942,0.0,24.0,27.0,778.5,461.5,1.0,0.0,0.0,779.1330796066061,462.76006407176624,0.0,379.4094614106507,318.632202679501,0.0,0.3636713135488511,0.3636713135488511,16.613407631305783,11.650217696942155,379.4188588922233,318.7448567330441,0.0,39.466521322092795,439.76299172268796,324.59906038064867,0.0,0.6428560405634288,0.6257772944284749,437.0862803212364,321.12576159878836,0.0,12.083045973594572,15.130476338301609,441.01838554519344,326.1150099615506,0.0,0.5587684871413403,0.46540006684810675,439.3817101258362,325.13047466773,0.0
27,575.6901408450705,488.2112676056338,1.0,0.11267605633802817,0.8873239436619719,27.50261499714524,16.634518752739588,575.7487107903596,488.1410519017145,0.0,46.056338028169016,652.52,508.29,1.0,0.63,0.62,651.3865280602354,507.3148517564329,0.0,15.375,38.61904761904762,651.89,506.11,1.0,0.35,0.25,652.0359607884076,506.4912100219546,0.0,472.0,523.0,1.0,0.0,1.0,26.20937159504109,16.817521787677848,471.9019607843137,522.3965517241379,0.0,53.0,582.5,472.5,1.0,0.0,0.0,581.9066148818001,477.1439215472663,0.0,13.0,40.0,583.0,469.5,1.0,0.0,0.0,581.0793037304911,471.38894245715534,0.0,381.08690338420985,248.81431027937606,0.0,0.3161963988823049,0.3161963988823049,13.509608984813386,9.360197259310114,381.0553933725399,248.87310968574403,0.0,27.999943321845883,429.77690677838893,302.7222256458881,0.0,1.1283173312503891,1.1115754585272202,426.7767434768061,299.51420490277116,0.0,10.534912197071222,19.95902832783658,428.74502667669515,301.09084658953014,0.0,0.7123903424387503,0.5361902647381804,427.99954495166565,299.56020104759887,0.0
28,612.7246376811594,509.0144927536232,1.0,0.18840579710144928,0.8115942028985508,26.178846518316906,17.810393038683696,612.8334378997537,509.0520155260404,0.0,31.08695652173913,651.9186046511628,599.2209302325581,1.0,0.6511627906976745,0.627906976744186,651.044563213348,597.790163184844,0.0,23.692307692307693,37.625,650.7906976744187,597.7441860465116,1.0,0.37209302325581395,0.18604651162790697,650.7979231648015,597.4229993827173,0.0,590.0,562.0,1.0,0.0,1.0,25.334487939793746,16.352156509870476,590.0,562.3461538461538,0.0,32.0,596.5,674.5,1.0,0.0,0.0,595.2845456496084,672.1278588600328,0.0,18.0,39.5,588.0,676.0,1.0,0.0,0.0,590.8227688623737,674.6949821022425,0.0,379.651513893571,307.6155841566663,0.0,0.39103587139803025,0.39103587139803025,11.149134993294108,14.427006210017064,379.69177279831837,307.6786814217867,0.0,26.639699660161654,436.57091954618534,291.0026932330732,0.0,1.1285660984698538,1.121113562157577,433.5136298629156,288.06869076789366,0.0,19.4793169023518,19.081182297151894,436.24950499816174,292.6537038432534,0.0,0.7632018177405554,0.539414581615963,434.2187750815755,289.7208366435925,0.0
29,662.9848484848485,493.3484848484849,1.0,0.015151515151515152,0.9848484848484849,26.57014379391566,15.047480206632978,662.9922502272639,493.3682213724579,0.0,81.1969696969697,684.9467455621302,506.26627218934914,1.0,0.38461538461538464,0.38461538461538464,685.4042119897658,506.0865847653765,0.0,48.0,33.276923076923076,685.9585798816568,505.4437869822485,1.0,0.21301775147928995,0.1301775147928994,685.6859913909926,504.7854121884051,0.0,712.0,464.0,1.0,0.0,1.0,25.324417315684585,13.765349426204367,711.7845674967234,463.88043365494343,0.0,77.0,675.0,520.0,1.0,0.0,0.0,672.0196198651134,518.6165757906216,0.0,48.0,33.0,679.0,506.0,1.0,0.0,0.0,668.6743772241992,517.1913787319692,0.0,348.9441864037529,232.73547817368677,0.0,0.1221554204287659,0.1221554204287659,13.386818790045451,8.910898022340172,348.9749971726273,232.70907585090004,0.0,39.339324029013106,391.3427236342585,302.6821034127061,0.0,0.8702852691526739,0.8355984993230935,390.09832273886417,299.76213465249435,0.0,0.0,19.11061540876628,391.6736710024854,302.71452089323907,0.0,0.5564647548169821,0.415214314623641,390.8686932553442,301.1957086148966,0.0
30,646.1875,419.9166666666667,1.0,0.10416666666666667,0.8958333333333334,24.90903727236201,14.564241042517176,646.2099311038086,420.1688788855531,0.0,76.1875,677.9130434782609,504.01630434782606,1.0,0.23369565217391305,0.22826086956521738,678.3324243395531,504.01101210268524,0.0,9.8,26.209302325581394,678.0271739130435,504.0054347826087,1.0,0.13043478260869565,0.09239130434782608,678.0388213886165,503.7720581891919,0.0,691.0,418.5,1.0,0.0,1.0,23.035238454566755,12.59089313151007,690.693487394958,418.88392857142856,0.0,73.0,666.5,495.5,1.0,0.0,0.0,669.0941289595196,493.8025026843915,0.0,4.0,26.0,676.5,492.5,1.0,0.0,0.0,676.6310975743636,495.32088221380013,0.0,327.66393201533486,289.7749006652501,0.0,0.30547663122114954,0.30547663122114954,12.850433727258919,9.004368030881642,327.587951243892,289.66754136387755,0.0,52.44070312028625,399.82924758097926,306.9428051017542,0.0,0.5755483536353838,0.5730024066564001,397.3850381405156,304.4671140558813,0.0,13.673331708109767,12.823594060540495,399.13533490023946,304.90058068311043,0.0,0.3961058077888826,0.3249527375842771,398.27232803387574,303.87132366777143,0.0
31,645.2470588235294,510.5764705882353,1.0,0.011764705882352941,0.9882352941176471,24.719105846194687,19.47506402991639,645.3032168328332,510.4516784215028,0.0,70.96470588235294,657.0344827586207,520.5379310344828,1.0,0.5793103448275863,0.5724137931034483,657.1845286449052,519.4188307129085,0.0,13.0,43.357142857142854,657.6137931034483,519.255172413793,1.0,0.4,0.30344827586206896,657.6799166618331,518.5760829390113,0.0,679.0,491.0,1.0,0.0,1.0,22.488174572758886,19.71458573620539,679.1186440677966,491.258064516129,0.0,70.0,616.0,522.0,1.0,0.0,0.0,612.8584536082474,525.3055587791574,0.0,13.0,43.5,603.0,519.0,1.0,0.0,0.0,601.1279967492889,520.2613065326633,0.0,367.55410664945487,284.7684044135675,0.0,0.1078253104695492,0.1078253104695492,13.046946758479871,11.449450083216194,367.4788560316001,284.8314345331005,0.0,39.87877131236722,420.92930709272315,311.57278489202895,0.0,1.0870330738694605,1.0875142652173024,419.40427821944417,307.7162055430828,0.0,0.0,24.46067926145905,421.9630182554717,311.13039243046603,0.0,0.8897888164789635,0.781899878333797,420.8694126403409,309.27848676421723,0.0
32,699.922077922078,407.8961038961039,1.0,0.06493506493506493,0.935064935064935,26.626615696164535,15.891382612558017,699.8935204797245,407.90969775087365,0.0,41.97402597402598,765.7372262773723,599.7299270072992,1.0,0.5255474452554745,0.5109489051094891,765.3097664287221,597.9659640892725,0.0,18.4,40.43055555555556,767.2846715328467,599.0875912408759,1.0,0.3795620437956204,0.32116788321167883,766.8404472479465,598.4656097325548,0.0,702.0,410.0,1.0,0.0,1.0,20.913001363821596,16.377497491038856,701.1232876712329,410.1363636363636,0.0,40.0,829.0,636.0,1.0,0.0,0.0,824.021609106695,637.3317994671834,0.0,11.0,40.5,834.0,648.0,1.0,0.0,0.0,829.800909090909,652.0823244552058,0.0,354.0540631632908,234.80036197761785,0.0,0.24641124624688673,0.24641124624688673,22.4737907418649,10.449347858161383,354.0952489535272,234.7825772653352,0.0,30.017299785106182,395.50040870489266,297.9542536691778,0.0,1.0042267750026184,0.9599025826573403,393.0966659449009,292.79725005955515,0.0,15.91979899370592,21.890400222782137,396.25542799763997,296.8655591526006,0.0,0.755818180558642,0.7038404199665794,395.1568867069694,295.16289823042683,0.0
33,630.7,513.8125,1.0,0.0125,0.9875,22.43283845223669,18.80473731251907,630.8012636629845,513.8161264988794,0.0,69.4,735.2076923076924,480.23846153846154,1.0,0.6076923076923076,0.6,733.9259817704274,479.769731049148,0.0,68.0,40.151898734177216,734.5769230769231,478.2846153846154,1.0,0.4461538461538462,0.35384615384615387,733.785197664101,478.4965052190348,0.0,586.0,477.5,1.0,0.0,1.0,20.941838236833885,16.33726994984131,586.6,477.13541666666663,0.0,72.0,777.0,462.0,1.0,0.0,0.0,780.7744724450645,469.6221649548087,0.0,68.0,40.0,771.5,463.5,1.0,0.0,0.0,771.0511856150154,461.80779194090064,0.0,359.19974944311974,272.5537146027366,0.0,0.11110243021644486,0.11110243021644485,12.637305482464022,11.858675231009844,359.19161661527164,272.3649283469196,0.0,35.18970019764306,412.2089965829292,299.7506862466297,0.0,1.003809312616034,1.0198039027185568,410.2606862962039,294.90091413750747,0.0,0.0,23.028374686429913,412.72557217719634,298.8810989369772,0.0,0.9369470756052377,0.7928676139523154,411.4082152196361,296.43894957008257,0.0
34,656.64,464.86,1.0,0.0,1.0,23.098134173373293,16.44622862134512,656.6779201374145,464.8317742603733,0.0,69.82,647.6170212765958,471.11347517730496,1.0,0.3546099290780142,0.3404255319148936,649.0433101639552,470.0393017703723,0.0,nan,25.5,648.9716312056737,469.21276595744683,1.0,0.23404255319148937,0.19148936170212766,649.2918552362377,469.0871849522392,0.0,556.0,485.5,1.0,0.0,1.0,20.837816336014882,15.939270702177229,555.9971636033583,484.84614818088085,0.0,76.5,642.0,455.0,1.0,0.0,0.0,641.1646149441741,455.4991682262425,0.0,nan,25.5,650.0,455.0,1.0,0.0,0.0,645.0230515916575,455.6016731016731,0.0,379.1446562988855,294.3656916150386,0.0,0.0,0.0,15.748730742980806,9.321305055643174,379.0824856313401,294.29494654255905,0.0,42.203644392398154,404.04433538722344,296.831664026556,0.0,0.6855628921188409,0.6824007187191445,402.3529096613273,294.00990144083073,0.0,nan,14.430869689661812,404.32812570703595,296.0127658860793,0.0,0.5277853887982711,0.4898240184349506,403.10628319938434,294.8920776322888,0.0
35,656.320987654321,483.3333333333333,1.0,0.0,1.0,30.853945516096353,16.846401561155343,656.2602305488226,483.36726913727483,0.0,79.1604938271605,727.4379562043796,425.4014598540146,1.0,0.5912408759124088,0.5912408759124088,726.6472511652632,425.0055493023197,0.0,nan,41.0,727.3503649635037,423.51824817518246,1.0,0.36496350364963503,0.2846715328467153,726.7173811813008,423.8959040433669,0.0,740.0,473.0,1.0,0.0,1.0,24.70778475796423,16.99273805781127,740.3956043956044,473.13698630136986,0.0,78.0,741.0,397.0,1.0,0.0,0.0,743.8457496136012,396.31499700573187,0.0,nan,41.0,760.0,395.0,1.0,0.0,0.0,763.8211905819636,396.95653999580094,0.0,373.02850740566214,278.48235088257644,0.0,0.0,0.0,21.733129616751224,12.58531508253331,373.0679956601824,278.5249433202411,0.0,33.75637362410189,421.2581929513889,301.2538871507159,0.0,1.2588648839305168,1.2588648839305168,418.6968760513667,297.0043801115285,0.0,nan,23.38090388900024,419.7176595531128,300.15857371568336,0.0,0.8272362958544344,0.7636725050890841,417.9611664501394,297.2984023736259,0.0
36,736.2058823529412,430.02941176470586,1.0,0.029411764705882353,0.9705882352941176,25.855037158886862,20.06719503885604,736.3203606063233,430.0784571638531,0.0,51.86764705882353,773.2644628099174,484.3719008264463,1.0,0.5454545454545454,0.5371900826446281,772.2712011015769,486.27857552167484,0.0,36.5,34.43939393939394,774.5289256198347,482.6363636363636,1.0,0.3884297520661157,0.2644628099173554,773.4620513060835,483.7996689842742,0.0,748.0,429.0,1.0,0.0,1.0,25.653803975895315,20.415616794011207,748.0206959706959,429.0210795902285,0.0,51.5,829.0,449.0,1.0,0.0,0.0,839.07100199071,449.3887484197219,0.0,36.5,34.5,826.0,447.0,1.0,0.0,0.0,828.4304047384007,443.4134232301563,0.0,390.5280195876411,282.3541773869997,0.0,0.16895772489817729,0.16895772489817729,13.91501239219275,11.2188287240099,390.5403126721316,282.220071324893,0.0,33.36778316411201,424.28702994368143,311.5196326469425,0.0,1.02851895445316,1.0288509382436246,420.39028842580313,306.2491205394186,0.0,8.5,19.864792051996268,425.01846482747106,312.1425823810926,0.0,0.9304038119707435,0.701457691699932,423.0657566898714,309.8335085900078,0.0
37,717.6582278481013,505.65822784810126,1.0,0.0379746835443038,0.9620253164556962,28.37415718766799,16.78650586862676,717.69391569204,505.66927419218274,0.0,52.607594936708864,702.1404958677685,538.3884297520661,1.0,0.628099173553719,0.628099173553719,703.3367360762489,538.3933680631893,0.0,69.0,38.85526315789474,701.7355371900826,536.801652892562,1.0,0.4214876033057851,0.2727272727272727,701.9258279243643,536.6032558655452,0.0,757.0,508.0,1.0,0.0,1.0,23.59599203696463,15.974765882024837,757.3970588235294,508.0879120879121,0.0,51.0,702.0,553.0,1.0,0.0,0.0,713.1955661124307,558.458687664042,0.0,69.0,38.5,715.0,540.0,1.0,0.0,0.0,712.7779479326186,541.561854055747,0.0,330.5160095349162,278.3101305404035,0.0,0.1911350489941962,0.1911350489941962,16.48380065275094,11.172672972322266,330.6550393579751,278.2756052127542,0.0,32.0199375079518,433.6061797344295,307.31947928087504,0.0,1.1436654961238055,1.121777157088076,427.0068709771649,303.3406760162348,0.0,0.816496580927726,22.494270584779457,433.61630921027546,307.1377761705436,0.0,0.9159023560835401,0.7606000241218869,431.6042637878192,305.99147666716016,0.0
38,562.780487804878,545.2682926829268,1.0,0.024390243902439025,0.975609756097561,28.779061017699018,14.684637596100922,562.7637178285901,545.3168336997101,0.0,80.4390243902439,679.7161290322581,515.258064516129,1.0,0.25806451612903225,0.25806451612903225,680.4998172777094,515.8942631814862,0.0,29.0,20.8,678.9870967741936,514.5935483870968,1.0,0.16129032258064516,0.10967741935483871,679.3660670737223,515.4185183065443,0.0,503.0,566.0,1.0,0.0,1.0,26.070949275367138,12.835324983046355,502.5892857142857,566.5019607843137,0.0,81.0,730.0,528.0,1.0,0.0,0.0,741.0331084457771,510.5481526877955,0.0,29.0,20.5,727.0,513.0,1.0,0.0,0.0,736.6778615490061,511.0812937062937,0.0,287.5359160764241,267.0249850729003,0.0,0.1542574468374819,0.1542574468374819,16.51451269794788,11.124385863640963,287.64970856876465,266.94324334202685,0.0,41.55164214446698,413.11617915761883,300.9623883629932,0.0,0.7079157019016881,0.7079157019016881,409.7193524730241,296.1247065227229,0.0,0.0,11.910499569707392,412.0341512168508,301.0359682030124,0.0,0.48836621594259516,0.38634335281496435,410.9029534365524,299.06516900790035,0.0
39,656.6219512195122,547.4512195121952,1.0,0.024390243902439025,0.975609756097561,21.706934093555468,20.746778348611883,656.5067387234559,547.5719117910163,0.0,71.86585365853658,731.5193798449612,493.4341085271318,1.0,0.6201550387596899,0.6201550387596899,732.1750862346228,493.9703410637278,0.0,3.5,42.45,730.9302325581396,493.6511627906977,1.0,0.4806201550387597,0.3875968992248062,730.7740000582224,493.58971939658386,0.0,656.0,615.5,1.0,0.0,1.0,21.273233611452255,21.499899560486554,655.7123800959232,615.0115642655367,0.0,82.5,733.0,451.0,1.0,0.0,0.0,740.4472824472824,451.9393474928837,0.0,3.5,42.5,733.0,453.0,1.0,0.0,0.0,729.295128939828,452.71855828220856,0.0,351.6736513859399,275.2934643664884,0.0,0.15425744683748188,0.15425744683748188,11.93317717465218,10.920098067298195,351.6449648217938,275.2922803924713,0.0,34.961917328654295,401.58164240400043,297.051318745417,0.0,1.2338494527644017,1.2338494527644017,397.5586596927615,293.78860001544246,0.0,0.5,23.17860004400611,401.3024760739045,295.38739905741363,0.0,1.1213279447127742,1.0062600764145093,399.1062453981378,293.708795827909,0.0
40,573.5454545454545,462.7818181818182,1.0,0.03636363636363636,0.9636363636363636,27.532952998102605,14.142025997267869,573.5276142258228,462.50832931249425,0.0,68.0909090909091,608.6339869281046,491.797385620915,1.0,0.3464052287581699,0.3333333333333333,608.796750582365,491.946620374251,0.0,40.5,27.528301886792452,607.2483660130719,490.51633986928107,1.0,0.22875816993464052,0.16993464052287582,607.75794451681,490.5660760366718,0.0,505.0,451.0,1.0,0.0,1.0,23.81731078420225,12.809046570177488,505.5,450.5977011494253,0.0,70.0,567.0,460.0,1.0,0.0,0.0,552.0280033140017,459.3394919168591,0.0,40.5,27.0,536.0,461.0,1.0,0.0,0.0,534.668556701031,460.24933494558644,0.0,336.76065512909196,297.27365359877916,0.0,0.18719327529067276,0.18719327529067276,20.027277382099758,9.660109109621203,336.8727869471779,297.4058842404271,0.0,43.79093834335747,390.6551686662715,317.667054697562,0.0,0.6398555947984531,0.6156987634551992,389.9574694618773,314.06260142339977,0.0,1.5,15.978291610081126,390.19677089088003,316.6969872909316,0.0,0.5422867585017396,0.49561277412101634,389.3574686897886,314.9744835708785,0.0
41,656.0483870967741,552.1290322580645,1.0,0.03225806451612903,0.967741935483871,31.670857786640443,17.46764542788418,656.0511121591798,552.3156685861541,0.0,71.37096774193549,684.3230769230769,484.7,1.0,0.46153846153846156,0.43846153846153846,685.1265728355769,484.8971864988511,0.0,40.5,31.2,684.0769230769231,483.96153846153845,1.0,0.2923076923076923,0.18461538461538463,684.2448770718096,484.2271019204414,0.0,639.5,523.5,1.0,0.0,1.0,28.309317596395623,17.845305787666724,639.8752767527675,523.6969696969697,0.0,68.5,726.5,479.0,1.0,0.0,0.0,729.6982049455826,480.4695543756058,0.0,40.5,31.5,730.0,472.0,1.0,0.0,0.0,727.2938323808444,475.5466825001972,0.0,344.62726135869184,249.51388117510314,0.0,0.17668469596940842,0.17668469596940842,18.050092244385663,10.348585771044416,344.56603258306126,249.4429278354232,0.0,31.194102974020556,403.2831266451479,320.5272735305423,0.0,0.9856965218240827,0.9198983735997576,400.403578808429,315.81541094761934,0.0,16.5,17.862250698050342,402.0459525091554,318.2183431314503,0.0,0.637858844357781,0.523076923076923,401.01670489727957,316.1058327867918,0.0
42,697.6470588235294,475.54901960784315,1.0,0.09803921568627451,0.9019607843137255,32.126879166895534,10.861847210673286,697.5830080341876,475.5082763175084,0.0,63.627450980392155,703.51677852349,514.7919463087248,1.0,0.3087248322147651,0.2751677852348993,704.9206619698693,515.3622892943604,0.0,24.8,26.130434782608695,703.8187919463087,515.4496644295302,1.0,0.1610738255033557,0.11409395973154363,704.3918118364736,514.8537536343969,0.0,714.0,463.0,1.0,0.0,1.0,30.942761140924283,8.373304720590408,714.3203883495146,463.34328358208955,0.0,68.0,746.0,509.0,1.0,0.0,0.0,739.9224305106658,510.08493801107886,0.0,20.0,27.5,735.0,510.0,1.0,0.0,0.0,734.5232801675528,506.1580928481807,0.0,321.00759404183253,289.41532093038006,0.0,0.29736766447260987,0.29736766447260987,15.496576083238566,8.266965518867664,320.8018348731198,289.4344951365756,0.0,43.022092265651885,374.344807568344,314.6769361795141,0.0,0.6844321494755414,0.6539406660140559,372.1630908683219,311.91416189507027,0.0,10.186265262597475,15.124999023574778,374.94513341245215,314.86118036774866,0.0,0.5189963739377506,0.4261612850036925,373.14008869160403,313.46399016380855,0.0
43,736.8297872340426,455.25531914893617,1.0,0.0425531914893617,0.9574468085106383,34.296909428595875,14.195231808100067,736.8182578272994,455.20917949161213,0.0,72.93617021276596,714.7469135802469,480.98148148148147,1.0,0.2777777777777778,0.2654320987654321,715.8060067295719,481.657169731947,0.0,27.5,23.844444444444445,715.6481481481482,479.17283950617286,1.0,0.17901234567901234,0.16049382716049382,715.3055222604361,479.5692031389459,0.0,751.0,468.0,1.0,0.0,1.0,31.584921567226353,13.549357932908487,750.4941176470588,468.09302325581393,0.0,83.0,735.5,436.0,1.0,0.0,0.0,733.0631805927201,446.2197881505223,0.0,27.5,24.0,735.0,435.5,1.0,0.0,0.0,735.4501170590128,440.2460329652884,0.0,365.2375105499443,265.5151931450545,0.0,0.20184751022351363,0.20184751022351363,19.297278706823985,9.018787594069984,365.2265511168205,265.43966160836123,0.0,44.68823647169075,404.92526839443,304.3385150713427,0.0,0.6211299937499415,0.6064795181069593,401.94109135816535,300.8747690917337,0.0,13.5,13.54655438856941,403.8797564644158,304.04591880798046,0.0,0.49571398797318156,0.45695692650177155,402.24124945468833,302.45955597836974,0.0
44,631.8,463.8666666666667,1.0,0.0,1.0,34.18610014430865,11.732465649776291,631.9293832890424,463.7020185366629,0.0,83.53333333333333,633.2356020942408,530.6806282722513,1.0,0.15706806282722513,0.13612565445026178,632.5199121641326,531.5936722914163,0.0,nan,15.5,633.0732984293194,528.738219895288,1.0,0.11518324607329843,0.07853403141361257,632.5529456310481,529.457524803871,0.0,750.0,452.0,1.0,0.0,1.0,30.287523955945403,10.946726289426078,750.6260184868196,451.6003184713376,0.0,74.5,600.0,561.0,1.0,0.0,0.0,596.7559241706161,563.516411017648,0.0,nan,15.5,602.0,562.0,1.0,0.0,0.0,600.2673748103186,561.595785440613,0.0,376.1735769561706,323.7205310483446,0.0,0.0,0.0,21.03515507029859,8.426450068042586,376.179734614581,323.60323764789376,0.0,60.58422970451048,389.6638395366428,297.20364726790194,0.0,0.4174715597748602,0.38601693384642427,388.0914143415172,293.4792936379429,0.0,nan,8.65544144839919,390.13812142578934,297.2460058868402,0.0,0.379210868318991,0.2878152906153875,388.9784228301708,295.57703764841517,0.0
45,757.0,438.97777777777776,1.0,0.08888888888888889,0.9111111111111111,33.27110353545606,14.684927894309528,756.9764763628123,439.1439743651191,0.0,43.48888888888889,696.5752212389381,551.8053097345132,1.0,0.36283185840707965,0.34513274336283184,695.8922265256723,551.426836096712,0.0,10.0,24.26829268292683,697.3451327433628,550.5044247787611,1.0,0.23008849557522124,0.1504424778761062,697.309422425209,550.5375073229668,0.0,812.0,454.0,1.0,0.0,1.0,31.964374600408792,13.199251202648234,811.6618705035971,454.24122807017545,0.0,38.0,656.0,560.0,1.0,0.0,0.0,646.4227215695221,558.7033457249071,0.0,9.5,25.0,660.0,561.0,1.0,0.0,0.0,658.9432664756447,561.3976269315673,0.0,340.39604384696753,273.70011885589014,0.0,0.28458329944145994,0.28458329944145994,15.637908610298856,11.777521347893803,340.2550630829686,273.86127111349197,0.0,29.940401706072475,405.22570582374124,315.2133385841472,0.0,0.6248815378375127,0.6063077215207306,403.9677922119086,309.46349743807565,0.0,1.8708286933869707,12.910620302575069,404.2966528902468,313.359024601184,0.0,0.49793999634106895,0.40398981276153373,403.35245774976227,311.88047961353107,0.0
46,588.5254237288135,479.8305084745763,1.0,0.03389830508474576,0.9661016949152542,27.923961840434025,18.448564969955825,588.4567033487999,479.87079483038553,0.0,45.016949152542374,635.969387755102,526.1020408163265,1.0,0.5816326530612245,0.5510204081632653,637.1852470005306,524.8816976178657,0.0,16.0,30.49122807017544,634.9489795918367,524.6224489795918,1.0,0.32653061224489793,0.19387755102040816,635.4059945352103,524.1371041862853,0.0,539.0,412.0,1.0,0.0,1.0,24.127945155883584,16.578586554220593,539.6888888888889,412.5,0.0,41.0,559.5,550.0,1.0,0.0,0.0,557.0102597030317,557.1176528763815,0.0,16.0,31.0,542.0,556.0,1.0,0.0,0.0,542.3717711242675,559.2165258455093,0.0,333.20723718574305,282.3005462114214,0.0,0.1809674280005307,0.1809674280005307,18.976457464857294,11.822035254689299,333.23108089297136,282.3336390358254,0.0,24.978968458857565,433.2933081639101,332.6867279820866,0.0,0.9992187702252755,0.9701930060412011,430.27400280282995,329.1375034395075,0.0,12.0,16.970689703667304,431.5467523197623,331.4097136047064,0.0,0.6965733945255516,0.4663834645725077,431.08789593430936,329.6635313534719,0.0
47,544.4933333333333,531.0533333333333,1.0,0.0,1.0,23.712055372764254,17.590664394814194,544.4564732326156,530.9724438612653,0.0,73.38666666666667,730.4859154929577,520.8098591549295,1.0,0.528169014084507,0.5070422535211268,729.7328749724335,520.6519540163436,0.0,nan,38.0,730.8098591549295,519.7253521126761,1.0,0.36619718309859156,0.22535211267605634,729.8282313790954,519.2853640415877,0.0,467.0,463.0,1.0,0.0,1.0,20.036071052014385,16.572988777916663,467.0576923076923,463.5128205128205,0.0,66.0,761.0,515.5,1.0,0.0,0.0,755.5653110232296,515.5173514230496,0.0,nan,38.0,761.5,524.5,1.0,0.0,0.0,761.411175046132,519.0554699150092,0.0,336.5323708385602,265.3825361414893,0.0,0.0,0.0,15.088457748984101,11.798609114880307,336.67560346353565,265.352124314879,0.0,35.97884316588786,385.3727980327601,299.39386967433336,0.0,1.1548651648132038,1.1490748199645713,382.8610496490772,295.2366451364916,0.0,nan,21.64871050817269,385.1617171442423,298.4426041114433,0.0,0.8839641287049693,0.6858157083909774,383.97839498074904,296.9354729308344,0.0
48,579.9387755102041,389.57142857142856,1.0,0.04081632653061224,0.9591836734693877,24.03656926993632,19.601287376344555,579.9702745915669,389.6651152130185,0.0,32.36734693877551,658.7972972972973,440.02702702702703,1.0,0.6351351351351351,0.6081081081081081,661.1819940268058,439.8617040954142,0.0,41.0,24.319148936170212,662.1351351351351,437.2972972972973,1.0,0.4189189189189189,0.24324324324324326,661.4727585633001,438.00868019137476,0.0,379.0,312.0,1.0,0.0,1.0,23.443367287826675,17.613914953808536,378.5905172413793,312.56175298804783,0.0,31.0,713.5,394.5,1.0,0.0,0.0,712.7132863047805,393.94384245715014,0.0,41.0,24.0,712.5,402.0,1.0,0.0,0.0,711.0451923012256,402.29754553676383,0.0,443.70262187609967,275.2483108995607,0.0,0.19786448397617667,0.1978644839761767,11.73306436450675,11.312463311936488,443.7169340438873,275.2392509200022,0.0,19.076317059461527,472.4539153767884,309.2119002715449,0.0,1.007731253378495,0.9975316504843554,467.83334940291223,304.2265677440491,0.0,1.0,14.03961929376962,471.95545839779015,310.1107356591735,0.0,0.8383825604997893,0.5884200285696551,471.2152313227916,307.5933832300526,0.0
49,764.6666666666666,521.0980392156863,1.0,0.0784313725490196,0.9215686274509803,30.033612299888354,12.8446549107913,764.6548500353023,521.167176531748,0.0,72.72549019607843,709.5310344827586,468.82758620689657,1.0,0.32413793103448274,0.30344827586206896,708.8831483831544,469.90964507135914,0.0,29.0,25.74468085106383,711.2068965517242,467.02758620689656,1.0,0.16551724137931034,0.1310344827586207,710.1727847652772,467.7675179010594,0.0,786.0,541.0,1.0,0.0,1.0,28.609796399922054,10.404111736356528,785.8125,542.6106194690266,0.0,83.0,722.0,459.0,1.0,0.0,0.0,718.4246414044102,447.0618111087097,0.0,37.0,25.0,719.0,447.0,1.0,0.0,0.0,715.5094197437829,446.61217702737275,0.0,296.32187498524513,301.53953045583904,0.0,0.2688492000157272,0.2688492000157272,13.327782492570316,9.246576374149832,296.1897818322174,301.77018164023343,0.0,46.45642209825755,381.21989409991517,298.97457727989325,0.0,0.7955285262939623,0.7549755687395315,380.2795763461008,296.00732740097646,0.0,16.38596960817394,14.540432381270998,380.7867698468115,299.6093075490741,0.0,0.469978621721402,0.39400984433339864,379.6175177297263,297.6579682783785,0.0
50,663.1647058823529,466.7529411764706,1.0,0.011764705882352941,0.9882352941176471,27.31079862057613,18.14382646968326,663.1927855139093,466.79575945163344,0.0,47.64705882352941,682.1844660194175,499.3009708737864,1.0,0.8155339805825242,0.7961165048543689,682.1275882077774,499.91905659237057,0.0,70.0,42.67857142857143,683.1359223300971,498.9126213592233,1.0,0.5922330097087378,0.3786407766990291,683.0727274880694,498.99178639955505,0.0,685.0,496.0,1.0,0.0,1.0,25.360606637327813,16.708013816705336,686.00390625,496.390625,0.0,50.0,658.0,503.0,1.0,0.0,0.0,662.3873294346979,493.3347624880904,0.0,70.0,42.5,663.0,500.0,1.0,0.0,0.0,662.9816147082335,499.9127699727406,0.0,367.6650920753776,278.21878423843737,0.0,0.10782531046954918,0.10782531046954918,13.145271318584271,11.012609931374302,367.5328809559141,278.30892648944865,0.0,28.629768909651876,405.8981829280916,302.2531195066225,0.0,1.3492002148380746,1.3098523099209542,402.807269061106,298.7264762317059,0.0,0.0,24.50275043564629,404.6093656932246,302.85393662305256,0.0,1.1611585543864893,0.9462907130882492,404.09527652107175,300.63704088459616,0.0
51,588.92,481.86,1.0,0.04,0.96,30.721634782898203,14.819852333552513,588.9708232157536,481.8757709931686,0.0,66.34,655.4076433121019,558.7261146496816,1.0,0.3057324840764331,0.3057324840764331,655.3298296962657,558.365055828235,0.0,19.5,25.75,654.4203821656051,558.9936305732484,1.0,0.20382165605095542,0.16560509554140126,654.6247227623863,557.8732444309549,0.0,637.0,493.0,1.0,0.0,1.0,27.628679375097708,15.578420986252905,636.9484536082474,492.6279846849983,0.0,62.0,635.0,604.0,1.0,0.0,0.0,641.3816589637557,597.5299502167978,0.0,19.5,25.5,639.0,599.0,1.0,0.0,0.0,635.7795094532447,598.5796354992076,0.0,359.33732564263346,290.42196955464647,0.0,0.19595917942265428,0.19595917942265428,13.934257556120723,7.967371951777571,359.13155655765576,290.1979352366073,0.0,42.46957028273302,395.48623552451295,305.14635960960317,0.0,0.6644994321398714,0.6644994321398714,393.7065669695271,304.03371594807646,0.0,7.5,14.595233240114162,395.3038036297971,304.72860425700776,0.0,0.5836285956155571,0.5626046541904097,394.0158884677632,304.25735916773937,0.0
52,588.9428571428572,436.9714285714286,1.0,0.0,1.0,27.064156683422187,18.090467759729872,589.0689560601309,437.0544436628557,0.0,33.457142857142856,568.4090909090909,566.4318181818181,1.0,0.3977272727272727,0.3977272727272727,568.6002714350933,566.7811261481437,0.0,nan,18.0,570.1022727272727,565.3295454545455,1.0,0.3068181818181818,0.17045454545454544,570.1372999812188,565.8326369295509,0.0,595.0,399.0,1.0,0.0,1.0,24.767269713506128,18.843875811444658,596.1052631578947,398.87368421052633,0.0,29.0,520.0,591.5,1.0,0.0,0.0,524.8447228481939,594.1341704254796,0.0,nan,18.0,521.0,599.0,1.0,0.0,0.0,515.0650951505944,597.0543101585172,0.0,324.46518130232556,256.3888214316335,0.0,0.0,0.0,11.202426520813983,9.390767110267051,324.39280310666874,256.5286686656712,0.0,19.760484171544924,369.72685361086735,324.17937639293524,0.0,0.9598741954414549,0.9598741954414549,365.9557097095547,318.57290187641587,0.0,nan,10.099504938362077,368.1749225995686,325.22889567443355,0.0,0.7591555497790493,0.5481703225087425,366.49816253911655,322.4846560830546,0.0
53,844.8611111111111,502.47222222222223,1.0,0.0,1.0,32.25486222182198,17.13738283280754,844.861393225276,502.4219341580591,0.0,73.72222222222223,800.8156028368794,493.36170212765956,1.0,0.2553191489361702,0.24822695035460993,798.9436852263111,494.7785137175872,0.0,nan,18.5,800.7517730496454,492.5531914893617,1.0,0.18439716312056736,0.16312056737588654,800.36802487482,492.38187040833014,0.0,829.0,513.5,1.0,0.0,1.0,24.33738018811124,15.65401773961022,829.3430509868422,513.712904581757,0.0,77.5,821.0,479.0,1.0,0.0,0.0,817.7038809144073,478.85431161711995,0.0,nan,18.5,814.0,471.0,1.0,0.0,0.0,815.1943899393507,474.3330070956692,0.0,364.8626950860173,245.74698891691105,0.0,0.0,0.0,23.033149465898852,10.538467891852115,364.9889015895516,245.60156625466848,0.0,31.482456411919244,360.2778794137233,320.8397509151812,0.0,0.6779637359195334,0.6647777676851342,357.3581659415541,315.9466413788557,0.0,nan,10.388294694831615,359.4203796466847,321.29420082336094,0.0,0.5535550723712866,0.5275947493162352,357.56635798417864,318.91770209091027,0.0
54,656.6166666666667,489.6166666666667,1.0,0.016666666666666666,0.9833333333333333,22.235303975533554,14.98422938326393,656.6824789016904,489.6993534205457,0.0,86.0,654.8277777777778,500.75555555555553,1.0,0.3277777777777778,0.3111111111111111,655.8190879596393,500.4340913423599,0.0,45.0,30.25423728813559,655.9166666666666,499.27777777777777,1.0,0.2111111111111111,0.14444444444444443,655.7293232997049,499.3952235711926,0.0,617.5,510.0,1.0,0.0,1.0,20.998464167831038,14.241168283869495,618.3225630644658,509.72611464968156,0.0,87.5,634.0,504.0,1.0,0.0,0.0,636.9095781080221,506.7247068033321,0.0,45.0,30.0,632.5,508.0,1.0,0.0,0.0,629.2687946432922,506.4115132945408,0.0,373.6852994908357,256.7524158709233,0.0,0.12801909579781015,0.12801909579781015,11.744559756845115,9.558541118761823,373.73452097497193,256.7484423726133,0.0,42.86334875702862,399.7794924226709,312.37478597604553,0.0,0.6898514780214615,0.6690697429922043,396.6292049822911,310.4304009957533,0.0,0.0,17.360185522263958,398.74473699069404,312.0934164914152,0.0,0.5054029073575181,0.4361730316975672,396.91816437686646,310.7095335675565,0.0
55,675.1666666666666,387.8333333333333,1.0,0.047619047619047616,0.9523809523809523,33.40559071559687,14.93473660380538,675.0723214399231,387.8837530077976,0.0,49.04761904761905,568.6637931034483,434.6465517241379,1.0,0.3448275862068966,0.33620689655172414,571.0137330895215,438.1203456242068,0.0,39.5,20.6,567.9913793103449,436.9310344827586,1.0,0.20689655172413793,0.13793103448275862,568.9764194712479,437.16857912267875,0.0,687.0,337.0,1.0,0.0,1.0,27.38985932936225,14.410586980989885,686.4817460317461,336.77341294783156,0.0,47.0,493.0,431.5,1.0,0.0,0.0,490.9777016550224,434.4473783436131,0.0,39.5,20.5,494.5,431.0,1.0,0.0,0.0,496.54289004932343,431.92893663406437,0.0,395.2760889655944,250.8028932644942,0.0,0.21295885499997996,0.21295885499997996,19.723731338368722,9.582750227615447,395.260566928243,250.72058960240304,0.0,29.854370646724714,415.2292043406106,302.57915049734606,0.0,0.7323020890205276,0.730422238742078,411.5105208586185,298.0345620617464,0.0,0.5,11.714947716485975,415.3101768908775,300.45788976097714,0.0,0.58008978762968,0.48948515746822047,414.51522692415057,299.43546401144437,0.0
56,563.5333333333333,553.5,1.0,0.13333333333333333,0.8666666666666667,27.799860350206437,14.294239380536835,563.5356881142676,553.5001809285061,0.0,108.86666666666666,664.4904761904762,468.27142857142854,1.0,0.12380952380952381,0.11428571428571428,664.686426858204,469.26295659131983,0.0,13.25,15.846153846153847,665.3095238095239,466.9714285714286,1.0,0.08571428571428572,0.06190476190476191,665.0368395364621,467.5761789094274,0.0,505.0,588.5,1.0,0.0,1.0,21.91297515547446,15.815149837880302,505.10266159695817,588.6900161030596,0.0,122.0,639.5,461.5,1.0,0.0,0.0,647.4301472730538,454.6484440903041,0.0,12.0,16.0,640.0,454.0,1.0,0.0,0.0,645.0726546086623,457.0562124407055,0.0,248.81368308211847,297.1015258571835,0.0,0.33993463423951903,0.33993463423951903,15.981836416864274,9.299243387265257,248.97743832688198,296.80901761150596,0.0,66.35396664020085,384.0631798282325,310.7132924997809,0.0,0.4185061436708539,0.3979539507766891,380.638372764466,306.9667800784896,0.0,8.042853971072706,8.69434965804409,382.5439214182588,309.41022106252274,0.0,0.3549456219730328,0.27770520593949205,381.2261922359597,307.74053393855917,0.0
57,521.2307692307693,527.4230769230769,1.0,0.038461538461538464,0.9615384615384616,29.858100908717905,12.769400715733106,521.2197827547773,527.4995863246761,0.0,88.0,749.139303482587,543.1741293532339,1.0,0.12437810945273632,0.11442786069651742,748.6570135035337,543.4921156613033,0.0,26.0,13.0,748.5771144278607,541.860696517413,1.0,0.0845771144278607,0.07960199004975124,748.850985930395,542.1854749132435,0.0,557.5,525.0,1.0,0.0,1.0,29.77160788945822,11.379480102242344,557.4150253124506,524.7271505376344,0.0,82.5,778.0,563.0,1.0,0.0,0.0,776.0594972955774,559.5839598997494,0.0,26.0,13.0,761.0,566.0,1.0,0.0,0.0,771.5841526894159,563.6002231312756,0.0,317.80174125634073,275.2667479816236,0.0,0.19230769230769232,0.1923076923076923,18.452570986494766,9.45908169010757,317.3526123266482,275.41740423991934,0.0,53.93799859382708,405.56418598385716,296.7850697713201,0.0,0.3983207741541909,0.37567954484881316,403.52639633129525,294.01044974969693,0.0,0.0,7.211102550927978,404.66844763469817,297.2851462930498,0.0,0.32752797195289135,0.2884714231706313,403.7990149808837,295.40707241558687,0.0
58,573.4285714285714,468.2244897959184,1.0,0.02040816326530612,0.9795918367346939,22.34094100266817,15.47918083580508,573.4131240397495,468.16832654682025,0.0,72.76530612244898,657.4360465116279,535.6511627906976,1.0,0.5581395348837209,0.5581395348837209,657.74228878633,534.1273346713145,0.0,53.5,49.416666666666664,657.5,533.7732558139535,1.0,0.313953488372093,0.19767441860465115,657.7509951977893,533.9868823259604,0.0,521.0,514.0,1.0,0.0,1.0,20.36081572100265,13.964222635777663,520.9834821428572,513.6780013489208,0.0,73.5,665.0,583.0,1.0,0.0,0.0,664.2362359025769,580.4444633345572,0.0,53.5,49.5,659.5,592.0,1.0,0.0,0.0,658.9769159252037,591.9634767567529,0.0,363.3960284171908,238.3953383760546,0.0,0.14139190265868384,0.14139190265868387,12.521589326239408,10.050746684249946,363.37784713139206,238.45676107381053,0.0,36.037056047626294,400.89700510311746,328.2873021169202,0.0,1.0686293238035378,1.0686293238035378,399.43618025047186,324.669297219314,0.0,37.5,28.05859444487949,399.98282666622947,326.9914848206504,0.0,0.7889001455806265,0.5968866403586325,399.27476796401714,325.80086947573784,0.0
59,705.1951219512196,537.8658536585366,1.0,0.036585365853658534,0.9634146341463414,25.293235375135154,17.92116525300304,705.32519558873,537.7632731502779,0.0,58.84146341463415,635.516393442623,553.0491803278688,1.0,0.6475409836065574,0.6311475409836066,634.5816333295588,551.6519707748656,0.0,9.333333333333334,42.721518987341774,634.4918032786885,551.8688524590164,1.0,0.4098360655737705,0.30327868852459017,634.4941550099179,551.1970329710073,0.0,656.0,578.0,1.0,0.0,1.0,22.094887375376082,17.935810452900796,655.8045454545454,577.8978499501043,0.0,64.0,599.0,550.0,1.0,0.0,0.0,598.2081727961414,550.4259575260804,0.0,11.0,43.0,597.5,546.0,1.0,0.0,0.0,597.1744460417219,546.8169184271276,0.0,332.0579011743317,253.53408209794372,0.0,0.18774151607732503,0.18774151607732506,15.908314839673046,10.948754739859536,332.10987609987296,253.60676947310205,0.0,30.168821537812327,421.373266901359,308.94876896273666,0.0,1.15887262307687,1.1322458436058866,417.91188699258674,305.7149803999284,0.0,3.0912061651652345,23.246035028110075,420.84153097705183,307.5616411846434,0.0,0.837189858019915,0.7670397029745354,419.0783360187337,306.17943346928985,0.0
60,748.2380952380952,498.4761904761905,1.0,0.07142857142857142,0.9285714285714286,24.147559981731757,15.061731068027411,748.2440524039299,498.42978850102025,0.0,62.166666666666664,779.4724409448819,440.87401574803147,1.0,0.30708661417322836,0.28346456692913385,777.98797595686,441.2214039818249,0.0,36.0,20.384615384615383,779.4803149606299,440.0236220472441,1.0,0.23622047244094488,0.13385826771653545,778.5511983104385,440.2414650535541,0.0,812.5,606.5,1.0,0.0,1.0,22.009458844066486,12.341662458170088,812.8140498522421,606.6062719127385,0.0,61.0,820.0,401.0,1.0,0.0,0.0,822.2645799892991,401.9994755473974,0.0,36.0,20.0,828.0,399.0,1.0,0.0,0.0,822.5095693779904,399.6450236966825,0.0,320.9156401183376,330.0791563142189,0.0,0.2575393768188564,0.2575393768188564,12.810453945952473,11.016109436086515,320.95463805046074,330.07529614733744,0.0,41.84718040605015,382.0048609735583,307.73477669802867,0.0,0.681727899902783,0.6628219056924398,379.7405358268904,303.6614317631625,0.0,1.632993161855452,11.857304109683065,380.9860776259188,308.0618984883827,0.0,0.5812922464658818,0.4412260071219496,380.45945141656506,306.62905597992653,0.0
