ImageNumber,ObjectNumber,Metadata_Channel,Metadata_Column,Metadata_Field,Metadata_FileLocation,Metadata_Frame,Metadata_Plane,Metadata_Row,Metadata_Series,Metadata_Time,Metadata_Well
1,1,nan,003,1,nan,0,001,001,0,001,A003
1,2,nan,003,1,nan,0,001,001,0,001,A003
1,3,nan,003,1,nan,0,001,001,0,001,A003
1,4,nan,003,1,nan,0,001,001,0,001,A003
1,5,nan,003,1,nan,0,001,001,0,001,A003
1,6,nan,003,1,nan,0,001,001,0,001,A003
1,7,nan,003,1,nan,0,001,001,0,001,A003
1,8,nan,003,1,nan,0,001,001,0,001,A003
1,9,nan,003,1,nan,0,001,001,0,001,A003
1,10,nan,003,1,nan,0,001,001,0,001,A003
1,11,nan,003,1,nan,0,001,001,0,001,A003
1,12,nan,003,1,nan,0,001,001,0,001,A003
1,13,nan,003,1,nan,0,001,001,0,001,A003
1,14,nan,003,1,nan,0,001,001,0,001,A003
1,15,nan,003,1,nan,0,001,001,0,001,A003
1,16,nan,003,1,nan,0,001,001,0,001,A003
1,17,nan,003,1,nan,0,001,001,0,001,A003
1,18,nan,003,1,nan,0,001,001,0,001,A003
1,19,nan,003,1,nan,0,001,001,0,001,A003
1,20,nan,003,1,nan,0,001,001,0,001,A003
1,21,nan,003,1,nan,0,001,001,0,001,A003
1,22,nan,003,1,nan,0,001,001,0,001,A003
1,23,nan,003,1,nan,0,001,001,0,001,A003
1,24,nan,003,1,nan,0,001,001,0,001,A003
1,25,nan,003,1,nan,0,001,001,0,001,A003
1,26,nan,003,1,nan,0,001,001,0,001,A003
1,27,nan,003,1,nan,0,001,001,0,001,A003
1,28,nan,003,1,nan,0,001,001,0,001,A003
1,29,nan,003,1,nan,0,001,001,0,001,A003
1,30,nan,003,1,nan,0,001,001,0,001,A003
1,31,nan,003,1,nan,0,001,001,0,001,A003
1,32,nan,003,1,nan,0,001,001,0,001,A003
1,33,nan,003,1,nan,0,001,001,0,001,A003
1,34,nan,003,1,nan,0,001,001,0,001,A003
1,35,nan,003,1,nan,0,001,001,0,001,A003
1,36,nan,003,1,nan,0,001,001,0,001,A003
2,1,nan,003,10,nan,0,001,001,0,001,A003
2,2,nan,003,10,nan,0,001,001,0,001,A003
2,3,nan,003,10,nan,0,001,001,0,001,A003
2,4,nan,003,10,nan,0,001,001,0,001,A003
2,5,nan,003,10,nan,0,001,001,0,001,A003
2,6,nan,003,10,nan,0,001,001,0,001,A003
2,7,nan,003,10,nan,0,001,001,0,001,A003
2,8,nan,003,10,nan,0,001,001,0,001,A003
2,9,nan,003,10,nan,0,001,001,0,001,A003
2,10,nan,003,10,nan,0,001,001,0,001,A003
2,11,nan,003,10,nan,0,001,001,0,001,A003
2,12,nan,003,10,nan,0,001,001,0,001,A003
2,13,nan,003,10,nan,0,001,001,0,001,A003
2,14,nan,003,10,nan,0,001,001,0,001,A003
2,15,nan,003,10,nan,0,001,001,0,001,A003
2,16,nan,003,10,nan,0,001,001,0,001,A003
2,17,nan,003,10,nan,0,001,001,0,001,A003
2,18,nan,003,10,nan,0,001,001,0,001,A003
2,19,nan,003,10,nan,0,001,001,0,001,A003
2,20,nan,003,10,nan,0,001,001,0,001,A003
3,1,nan,003,2,nan,0,001,001,0,001,A003
3,2,nan,003,2,nan,0,001,001,0,001,A003
3,3,nan,003,2,nan,0,001,001,0,001,A003
3,4,nan,003,2,nan,0,001,001,0,001,A003
3,5,nan,003,2,nan,0,001,001,0,001,A003
3,6,nan,003,2,nan,0,001,001,0,001,A003
3,7,nan,003,2,nan,0,001,001,0,001,A003
3,8,nan,003,2,nan,0,001,001,0,001,A003
3,9,nan,003,2,nan,0,001,001,0,001,A003
3,10,nan,003,2,nan,0,001,001,0,001,A003
3,11,nan,003,2,nan,0,001,001,0,001,A003
3,12,nan,003,2,nan,0,001,001,0,001,A003
3,13,nan,003,2,nan,0,001,001,0,001,A003
3,14,nan,003,2,nan,0,001,001,0,001,A003
3,15,nan,003,2,nan,0,001,001,0,001,A003
3,16,nan,003,2,nan,0,001,001,0,001,A003
3,17,nan,003,2,nan,0,001,001,0,001,A003
3,18,nan,003,2,nan,0,001,001,0,001,A003
3,19,nan,003,2,nan,0,001,001,0,001,A003
3,20,nan,003,2,nan,0,001,001,0,001,A003
3,21,nan,003,2,nan,0,001,001,0,001,A003
3,22,nan,003,2,nan,0,001,001,0,001,A003
3,23,nan,003,2,nan,0,001,001,0,001,A003
3,24,nan,003,2,nan,0,001,001,0,001,A003
3,25,nan,003,2,nan,0,001,001,0,001,A003
3,26,nan,003,2,nan,0,001,001,0,001,A003
3,27,nan,003,2,nan,0,001,001,0,001,A003
3,28,nan,003,2,nan,0,001,001,0,001,A003
3,29,nan,003,2,nan,0,001,001,0,001,A003
3,30,nan,003,2,nan,0,001,001,0,001,A003
3,31,nan,003,2,nan,0,001,001,0,001,A003
3,32,nan,003,2,nan,0,001,001,0,001,A003
3,33,nan,003,2,nan,0,001,001,0,001,A003
3,34,nan,003,2,nan,0,001,001,0,001,A003
4,1,nan,003,3,nan,0,001,001,0,001,A003
4,2,nan,003,3,nan,0,001,001,0,001,A003
4,3,nan,003,3,nan,0,001,001,0,001,A003
4,4,nan,003,3,nan,0,001,001,0,001,A003
4,5,nan,003,3,nan,0,001,001,0,001,A003
4,6,nan,003,3,nan,0,001,001,0,001,A003
4,7,nan,003,3,nan,0,001,001,0,001,A003
4,8,nan,003,3,nan,0,001,001,0,001,A003
4,9,nan,003,3,nan,0,001,001,0,001,A003
4,10,nan,003,3,nan,0,001,001,0,001,A003
4,11,nan,003,3,nan,0,001,001,0,001,A003
4,12,nan,003,3,nan,0,001,001,0,001,A003
4,13,nan,003,3,nan,0,001,001,0,001,A003
4,14,nan,003,3,nan,0,001,001,0,001,A003
4,15,nan,003,3,nan,0,001,001,0,001,A003
4,16,nan,003,3,nan,0,001,001,0,001,A003
4,17,nan,003,3,nan,0,001,001,0,001,A003
4,18,nan,003,3,nan,0,001,001,0,001,A003
4,19,nan,003,3,nan,0,001,001,0,001,A003
4,20,nan,003,3,nan,0,001,001,0,001,A003
4,21,nan,003,3,nan,0,001,001,0,001,A003
5,1,nan,003,4,nan,0,001,001,0,001,A003
5,2,nan,003,4,nan,0,001,001,0,001,A003
5,3,nan,003,4,nan,0,001,001,0,001,A003
5,4,nan,003,4,nan,0,001,001,0,001,A003
5,5,nan,003,4,nan,0,001,001,0,001,A003
5,6,nan,003,4,nan,0,001,001,0,001,A003
5,7,nan,003,4,nan,0,001,001,0,001,A003
5,8,nan,003,4,nan,0,001,001,0,001,A003
5,9,nan,003,4,nan,0,001,001,0,001,A003
5,10,nan,003,4,nan,0,001,001,0,001,A003
5,11,nan,003,4,nan,0,001,001,0,001,A003
5,12,nan,003,4,nan,0,001,001,0,001,A003
5,13,nan,003,4,nan,0,001,001,0,001,A003
5,14,nan,003,4,nan,0,001,001,0,001,A003
5,15,nan,003,4,nan,0,001,001,0,001,A003
5,16,nan,003,4,nan,0,001,001,0,001,A003
5,17,nan,003,4,nan,0,001,001,0,001,A003
5,18,nan,003,4,nan,0,001,001,0,001,A003
6,1,nan,003,5,nan,0,001,001,0,001,A003
6,2,nan,003,5,nan,0,001,001,0,001,A003
6,3,nan,003,5,nan,0,001,001,0,001,A003
6,4,nan,003,5,nan,0,001,001,0,001,A003
6,5,nan,003,5,nan,0,001,001,0,001,A003
6,6,nan,003,5,nan,0,001,001,0,001,A003
6,7,nan,003,5,nan,0,001,001,0,001,A003
6,8,nan,003,5,nan,0,001,001,0,001,A003
6,9,nan,003,5,nan,0,001,001,0,001,A003
6,10,nan,003,5,nan,0,001,001,0,001,A003
6,11,nan,003,5,nan,0,001,001,0,001,A003
6,12,nan,003,5,nan,0,001,001,0,001,A003
6,13,nan,003,5,nan,0,001,001,0,001,A003
6,14,nan,003,5,nan,0,001,001,0,001,A003
6,15,nan,003,5,nan,0,001,001,0,001,A003
6,16,nan,003,5,nan,0,001,001,0,001,A003
6,17,nan,003,5,nan,0,001,001,0,001,A003
6,18,nan,003,5,nan,0,001,001,0,001,A003
6,19,nan,003,5,nan,0,001,001,0,001,A003
6,20,nan,003,5,nan,0,001,001,0,001,A003
6,21,nan,003,5,nan,0,001,001,0,001,A003
6,22,nan,003,5,nan,0,001,001,0,001,A003
6,23,nan,003,5,nan,0,001,001,0,001,A003
6,24,nan,003,5,nan,0,001,001,0,001,A003
7,1,nan,003,6,nan,0,001,001,0,001,A003
7,2,nan,003,6,nan,0,001,001,0,001,A003
7,3,nan,003,6,nan,0,001,001,0,001,A003
7,4,nan,003,6,nan,0,001,001,0,001,A003
7,5,nan,003,6,nan,0,001,001,0,001,A003
7,6,nan,003,6,nan,0,001,001,0,001,A003
7,7,nan,003,6,nan,0,001,001,0,001,A003
7,8,nan,003,6,nan,0,001,001,0,001,A003
7,9,nan,003,6,nan,0,001,001,0,001,A003
7,10,nan,003,6,nan,0,001,001,0,001,A003
7,11,nan,003,6,nan,0,001,001,0,001,A003
7,12,nan,003,6,nan,0,001,001,0,001,A003
7,13,nan,003,6,nan,0,001,001,0,001,A003
7,14,nan,003,6,nan,0,001,001,0,001,A003
7,15,nan,003,6,nan,0,001,001,0,001,A003
7,16,nan,003,6,nan,0,001,001,0,001,A003
7,17,nan,003,6,nan,0,001,001,0,001,A003
7,18,nan,003,6,nan,0,001,001,0,001,A003
7,19,nan,003,6,nan,0,001,001,0,001,A003
7,20,nan,003,6,nan,0,001,001,0,001,A003
7,21,nan,003,6,nan,0,001,001,0,001,A003
7,22,nan,003,6,nan,0,001,001,0,001,A003
7,23,nan,003,6,nan,0,001,001,0,001,A003
7,24,nan,003,6,nan,0,001,001,0,001,A003
8,1,nan,003,7,nan,0,001,001,0,001,A003
8,2,nan,003,7,nan,0,001,001,0,001,A003
8,3,nan,003,7,nan,0,001,001,0,001,A003
8,4,nan,003,7,nan,0,001,001,0,001,A003
8,5,nan,003,7,nan,0,001,001,0,001,A003
8,6,nan,003,7,nan,0,001,001,0,001,A003
8,7,nan,003,7,nan,0,001,001,0,001,A003
8,8,nan,003,7,nan,0,001,001,0,001,A003
8,9,nan,003,7,nan,0,001,001,0,001,A003
8,10,nan,003,7,nan,0,001,001,0,001,A003
8,11,nan,003,7,nan,0,001,001,0,001,A003
8,12,nan,003,7,nan,0,001,001,0,001,A003
8,13,nan,003,7,nan,0,001,001,0,001,A003
8,14,nan,003,7,nan,0,001,001,0,001,A003
8,15,nan,003,7,nan,0,001,001,0,001,A003
8,16,nan,003,7,nan,0,001,001,0,001,A003
8,17,nan,003,7,nan,0,001,001,0,001,A003
8,18,nan,003,7,nan,0,001,001,0,001,A003
8,19,nan,003,7,nan,0,001,001,0,001,A003
8,20,nan,003,7,nan,0,001,001,0,001,A003
8,21,nan,003,7,nan,0,001,001,0,001,A003
8,22,nan,003,7,nan,0,001,001,0,001,A003
8,23,nan,003,7,nan,0,001,001,0,001,A003
8,24,nan,003,7,nan,0,001,001,0,001,A003
8,25,nan,003,7,nan,0,001,001,0,001,A003
8,26,nan,003,7,nan,0,001,001,0,001,A003
8,27,nan,003,7,nan,0,001,001,0,001,A003
8,28,nan,003,7,nan,0,001,001,0,001,A003
8,29,nan,003,7,nan,0,001,001,0,001,A003
8,30,nan,003,7,nan,0,001,001,0,001,A003
8,31,nan,003,7,nan,0,001,001,0,001,A003
9,1,nan,003,8,nan,0,001,001,0,001,A003
9,2,nan,003,8,nan,0,001,001,0,001,A003
9,3,nan,003,8,nan,0,001,001,0,001,A003
9,4,nan,003,8,nan,0,001,001,0,001,A003
9,5,nan,003,8,nan,0,001,001,0,001,A003
9,6,nan,003,8,nan,0,001,001,0,001,A003
9,7,nan,003,8,nan,0,001,001,0,001,A003
9,8,nan,003,8,nan,0,001,001,0,001,A003
9,9,nan,003,8,nan,0,001,001,0,001,A003
9,10,nan,003,8,nan,0,001,001,0,001,A003
9,11,nan,003,8,nan,0,001,001,0,001,A003
9,12,nan,003,8,nan,0,001,001,0,001,A003
9,13,nan,003,8,nan,0,001,001,0,001,A003
10,1,nan,003,9,nan,0,001,001,0,001,A003
10,2,nan,003,9,nan,0,001,001,0,001,A003
10,3,nan,003,9,nan,0,001,001,0,001,A003
10,4,nan,003,9,nan,0,001,001,0,001,A003
10,5,nan,003,9,nan,0,001,001,0,001,A003
10,6,nan,003,9,nan,0,001,001,0,001,A003
10,7,nan,003,9,nan,0,001,001,0,001,A003
10,8,nan,003,9,nan,0,001,001,0,001,A003
10,9,nan,003,9,nan,0,001,001,0,001,A003
10,10,nan,003,9,nan,0,001,001,0,001,A003
10,11,nan,003,9,nan,0,001,001,0,001,A003
10,12,nan,003,9,nan,0,001,001,0,001,A003
10,13,nan,003,9,nan,0,001,001,0,001,A003
10,14,nan,003,9,nan,0,001,001,0,001,A003
10,15,nan,003,9,nan,0,001,001,0,001,A003
10,16,nan,003,9,nan,0,001,001,0,001,A003
10,17,nan,003,9,nan,0,001,001,0,001,A003
10,18,nan,003,9,nan,0,001,001,0,001,A003
10,19,nan,003,9,nan,0,001,001,0,001,A003
10,20,nan,003,9,nan,0,001,001,0,001,A003
10,21,nan,003,9,nan,0,001,001,0,001,A003
10,22,nan,003,9,nan,0,001,001,0,001,A003
11,1,nan,022,1,nan,0,001,001,0,001,A022
11,2,nan,022,1,nan,0,001,001,0,001,A022
11,3,nan,022,1,nan,0,001,001,0,001,A022
11,4,nan,022,1,nan,0,001,001,0,001,A022
11,5,nan,022,1,nan,0,001,001,0,001,A022
11,6,nan,022,1,nan,0,001,001,0,001,A022
11,7,nan,022,1,nan,0,001,001,0,001,A022
11,8,nan,022,1,nan,0,001,001,0,001,A022
11,9,nan,022,1,nan,0,001,001,0,001,A022
11,10,nan,022,1,nan,0,001,001,0,001,A022
11,11,nan,022,1,nan,0,001,001,0,001,A022
11,12,nan,022,1,nan,0,001,001,0,001,A022
11,13,nan,022,1,nan,0,001,001,0,001,A022
11,14,nan,022,1,nan,0,001,001,0,001,A022
11,15,nan,022,1,nan,0,001,001,0,001,A022
11,16,nan,022,1,nan,0,001,001,0,001,A022
11,17,nan,022,1,nan,0,001,001,0,001,A022
11,18,nan,022,1,nan,0,001,001,0,001,A022
11,19,nan,022,1,nan,0,001,001,0,001,A022
11,20,nan,022,1,nan,0,001,001,0,001,A022
11,21,nan,022,1,nan,0,001,001,0,001,A022
11,22,nan,022,1,nan,0,001,001,0,001,A022
12,1,nan,022,10,nan,0,001,001,0,001,A022
12,2,nan,022,10,nan,0,001,001,0,001,A022
12,3,nan,022,10,nan,0,001,001,0,001,A022
12,4,nan,022,10,nan,0,001,001,0,001,A022
12,5,nan,022,10,nan,0,001,001,0,001,A022
12,6,nan,022,10,nan,0,001,001,0,001,A022
12,7,nan,022,10,nan,0,001,001,0,001,A022
12,8,nan,022,10,nan,0,001,001,0,001,A022
12,9,nan,022,10,nan,0,001,001,0,001,A022
12,10,nan,022,10,nan,0,001,001,0,001,A022
12,11,nan,022,10,nan,0,001,001,0,001,A022
12,12,nan,022,10,nan,0,001,001,0,001,A022
12,13,nan,022,10,nan,0,001,001,0,001,A022
12,14,nan,022,10,nan,0,001,001,0,001,A022
12,15,nan,022,10,nan,0,001,001,0,001,A022
12,16,nan,022,10,nan,0,001,001,0,001,A022
12,17,nan,022,10,nan,0,001,001,0,001,A022
12,18,nan,022,10,nan,0,001,001,0,001,A022
12,19,nan,022,10,nan,0,001,001,0,001,A022
12,20,nan,022,10,nan,0,001,001,0,001,A022
13,1,nan,022,2,nan,0,001,001,0,001,A022
13,2,nan,022,2,nan,0,001,001,0,001,A022
13,3,nan,022,2,nan,0,001,001,0,001,A022
13,4,nan,022,2,nan,0,001,001,0,001,A022
13,5,nan,022,2,nan,0,001,001,0,001,A022
13,6,nan,022,2,nan,0,001,001,0,001,A022
13,7,nan,022,2,nan,0,001,001,0,001,A022
13,8,nan,022,2,nan,0,001,001,0,001,A022
13,9,nan,022,2,nan,0,001,001,0,001,A022
13,10,nan,022,2,nan,0,001,001,0,001,A022
13,11,nan,022,2,nan,0,001,001,0,001,A022
13,12,nan,022,2,nan,0,001,001,0,001,A022
13,13,nan,022,2,nan,0,001,001,0,001,A022
13,14,nan,022,2,nan,0,001,001,0,001,A022
13,15,nan,022,2,nan,0,001,001,0,001,A022
13,16,nan,022,2,nan,0,001,001,0,001,A022
13,17,nan,022,2,nan,0,001,001,0,001,A022
13,18,nan,022,2,nan,0,001,001,0,001,A022
13,19,nan,022,2,nan,0,001,001,0,001,A022
13,20,nan,022,2,nan,0,001,001,0,001,A022
13,21,nan,022,2,nan,0,001,001,0,001,A022
13,22,nan,022,2,nan,0,001,001,0,001,A022
13,23,nan,022,2,nan,0,001,001,0,001,A022
14,1,nan,022,3,nan,0,001,001,0,001,A022
14,2,nan,022,3,nan,0,001,001,0,001,A022
14,3,nan,022,3,nan,0,001,001,0,001,A022
14,4,nan,022,3,nan,0,001,001,0,001,A022
14,5,nan,022,3,nan,0,001,001,0,001,A022
14,6,nan,022,3,nan,0,001,001,0,001,A022
14,7,nan,022,3,nan,0,001,001,0,001,A022
14,8,nan,022,3,nan,0,001,001,0,001,A022
14,9,nan,022,3,nan,0,001,001,0,001,A022
14,10,nan,022,3,nan,0,001,001,0,001,A022
14,11,nan,022,3,nan,0,001,001,0,001,A022
15,1,nan,022,4,nan,0,001,001,0,001,A022
15,2,nan,022,4,nan,0,001,001,0,001,A022
15,3,nan,022,4,nan,0,001,001,0,001,A022
15,4,nan,022,4,nan,0,001,001,0,001,A022
15,5,nan,022,4,nan,0,001,001,0,001,A022
15,6,nan,022,4,nan,0,001,001,0,001,A022
15,7,nan,022,4,nan,0,001,001,0,001,A022
15,8,nan,022,4,nan,0,001,001,0,001,A022
15,9,nan,022,4,nan,0,001,001,0,001,A022
15,10,nan,022,4,nan,0,001,001,0,001,A022
15,11,nan,022,4,nan,0,001,001,0,001,A022
15,12,nan,022,4,nan,0,001,001,0,001,A022
15,13,nan,022,4,nan,0,001,001,0,001,A022
15,14,nan,022,4,nan,0,001,001,0,001,A022
15,15,nan,022,4,nan,0,001,001,0,001,A022
15,16,nan,022,4,nan,0,001,001,0,001,A022
15,17,nan,022,4,nan,0,001,001,0,001,A022
15,18,nan,022,4,nan,0,001,001,0,001,A022
16,1,nan,022,5,nan,0,001,001,0,001,A022
16,2,nan,022,5,nan,0,001,001,0,001,A022
16,3,nan,022,5,nan,0,001,001,0,001,A022
16,4,nan,022,5,nan,0,001,001,0,001,A022
16,5,nan,022,5,nan,0,001,001,0,001,A022
16,6,nan,022,5,nan,0,001,001,0,001,A022
16,7,nan,022,5,nan,0,001,001,0,001,A022
16,8,nan,022,5,nan,0,001,001,0,001,A022
16,9,nan,022,5,nan,0,001,001,0,001,A022
16,10,nan,022,5,nan,0,001,001,0,001,A022
16,11,nan,022,5,nan,0,001,001,0,001,A022
16,12,nan,022,5,nan,0,001,001,0,001,A022
16,13,nan,022,5,nan,0,001,001,0,001,A022
16,14,nan,022,5,nan,0,001,001,0,001,A022
16,15,nan,022,5,nan,0,001,001,0,001,A022
16,16,nan,022,5,nan,0,001,001,0,001,A022
16,17,nan,022,5,nan,0,001,001,0,001,A022
16,18,nan,022,5,nan,0,001,001,0,001,A022
16,19,nan,022,5,nan,0,001,001,0,001,A022
16,20,nan,022,5,nan,0,001,001,0,001,A022
16,21,nan,022,5,nan,0,001,001,0,001,A022
16,22,nan,022,5,nan,0,001,001,0,001,A022
16,23,nan,022,5,nan,0,001,001,0,001,A022
16,24,nan,022,5,nan,0,001,001,0,001,A022
16,25,nan,022,5,nan,0,001,001,0,001,A022
16,26,nan,022,5,nan,0,001,001,0,001,A022
16,27,nan,022,5,nan,0,001,001,0,001,A022
16,28,nan,022,5,nan,0,001,001,0,001,A022
16,29,nan,022,5,nan,0,001,001,0,001,A022
16,30,nan,022,5,nan,0,001,001,0,001,A022
17,1,nan,022,6,nan,0,001,001,0,001,A022
17,2,nan,022,6,nan,0,001,001,0,001,A022
17,3,nan,022,6,nan,0,001,001,0,001,A022
17,4,nan,022,6,nan,0,001,001,0,001,A022
17,5,nan,022,6,nan,0,001,001,0,001,A022
17,6,nan,022,6,nan,0,001,001,0,001,A022
17,7,nan,022,6,nan,0,001,001,0,001,A022
17,8,nan,022,6,nan,0,001,001,0,001,A022
17,9,nan,022,6,nan,0,001,001,0,001,A022
17,10,nan,022,6,nan,0,001,001,0,001,A022
17,11,nan,022,6,nan,0,001,001,0,001,A022
17,12,nan,022,6,nan,0,001,001,0,001,A022
17,13,nan,022,6,nan,0,001,001,0,001,A022
17,14,nan,022,6,nan,0,001,001,0,001,A022
17,15,nan,022,6,nan,0,001,001,0,001,A022
17,16,nan,022,6,nan,0,001,001,0,001,A022
17,17,nan,022,6,nan,0,001,001,0,001,A022
17,18,nan,022,6,nan,0,001,001,0,001,A022
17,19,nan,022,6,nan,0,001,001,0,001,A022
17,20,nan,022,6,nan,0,001,001,0,001,A022
17,21,nan,022,6,nan,0,001,001,0,001,A022
17,22,nan,022,6,nan,0,001,001,0,001,A022
17,23,nan,022,6,nan,0,001,001,0,001,A022
17,24,nan,022,6,nan,0,001,001,0,001,A022
17,25,nan,022,6,nan,0,001,001,0,001,A022
17,26,nan,022,6,nan,0,001,001,0,001,A022
17,27,nan,022,6,nan,0,001,001,0,001,A022
17,28,nan,022,6,nan,0,001,001,0,001,A022
17,29,nan,022,6,nan,0,001,001,0,001,A022
18,1,nan,022,7,nan,0,001,001,0,001,A022
18,2,nan,022,7,nan,0,001,001,0,001,A022
18,3,nan,022,7,nan,0,001,001,0,001,A022
18,4,nan,022,7,nan,0,001,001,0,001,A022
18,5,nan,022,7,nan,0,001,001,0,001,A022
18,6,nan,022,7,nan,0,001,001,0,001,A022
18,7,nan,022,7,nan,0,001,001,0,001,A022
18,8,nan,022,7,nan,0,001,001,0,001,A022
18,9,nan,022,7,nan,0,001,001,0,001,A022
18,10,nan,022,7,nan,0,001,001,0,001,A022
18,11,nan,022,7,nan,0,001,001,0,001,A022
18,12,nan,022,7,nan,0,001,001,0,001,A022
18,13,nan,022,7,nan,0,001,001,0,001,A022
18,14,nan,022,7,nan,0,001,001,0,001,A022
18,15,nan,022,7,nan,0,001,001,0,001,A022
18,16,nan,022,7,nan,0,001,001,0,001,A022
18,17,nan,022,7,nan,0,001,001,0,001,A022
18,18,nan,022,7,nan,0,001,001,0,001,A022
18,19,nan,022,7,nan,0,001,001,0,001,A022
18,20,nan,022,7,nan,0,001,001,0,001,A022
18,21,nan,022,7,nan,0,001,001,0,001,A022
18,22,nan,022,7,nan,0,001,001,0,001,A022
18,23,nan,022,7,nan,0,001,001,0,001,A022
18,24,nan,022,7,nan,0,001,001,0,001,A022
18,25,nan,022,7,nan,0,001,001,0,001,A022
18,26,nan,022,7,nan,0,001,001,0,001,A022
18,27,nan,022,7,nan,0,001,001,0,001,A022
18,28,nan,022,7,nan,0,001,001,0,001,A022
18,29,nan,022,7,nan,0,001,001,0,001,A022
18,30,nan,022,7,nan,0,001,001,0,001,A022
18,31,nan,022,7,nan,0,001,001,0,001,A022
19,1,nan,022,8,nan,0,001,001,0,001,A022
19,2,nan,022,8,nan,0,001,001,0,001,A022
19,3,nan,022,8,nan,0,001,001,0,001,A022
19,4,nan,022,8,nan,0,001,001,0,001,A022
19,5,nan,022,8,nan,0,001,001,0,001,A022
19,6,nan,022,8,nan,0,001,001,0,001,A022
19,7,nan,022,8,nan,0,001,001,0,001,A022
19,8,nan,022,8,nan,0,001,001,0,001,A022
19,9,nan,022,8,nan,0,001,001,0,001,A022
19,10,nan,022,8,nan,0,001,001,0,001,A022
19,11,nan,022,8,nan,0,001,001,0,001,A022
19,12,nan,022,8,nan,0,001,001,0,001,A022
19,13,nan,022,8,nan,0,001,001,0,001,A022
19,14,nan,022,8,nan,0,001,001,0,001,A022
19,15,nan,022,8,nan,0,001,001,0,001,A022
19,16,nan,022,8,nan,0,001,001,0,001,A022
19,17,nan,022,8,nan,0,001,001,0,001,A022
19,18,nan,022,8,nan,0,001,001,0,001,A022
19,19,nan,022,8,nan,0,001,001,0,001,A022
19,20,nan,022,8,nan,0,001,001,0,001,A022
19,21,nan,022,8,nan,0,001,001,0,001,A022
19,22,nan,022,8,nan,0,001,001,0,001,A022
19,23,nan,022,8,nan,0,001,001,0,001,A022
19,24,nan,022,8,nan,0,001,001,0,001,A022
19,25,nan,022,8,nan,0,001,001,0,001,A022
19,26,nan,022,8,nan,0,001,001,0,001,A022
19,27,nan,022,8,nan,0,001,001,0,001,A022
19,28,nan,022,8,nan,0,001,001,0,001,A022
19,29,nan,022,8,nan,0,001,001,0,001,A022
19,30,nan,022,8,nan,0,001,001,0,001,A022
19,31,nan,022,8,nan,0,001,001,0,001,A022
20,1,nan,022,9,nan,0,001,001,0,001,A022
20,2,nan,022,9,nan,0,001,001,0,001,A022
20,3,nan,022,9,nan,0,001,001,0,001,A022
20,4,nan,022,9,nan,0,001,001,0,001,A022
20,5,nan,022,9,nan,0,001,001,0,001,A022
20,6,nan,022,9,nan,0,001,001,0,001,A022
20,7,nan,022,9,nan,0,001,001,0,001,A022
20,8,nan,022,9,nan,0,001,001,0,001,A022
20,9,nan,022,9,nan,0,001,001,0,001,A022
20,10,nan,022,9,nan,0,001,001,0,001,A022
20,11,nan,022,9,nan,0,001,001,0,001,A022
20,12,nan,022,9,nan,0,001,001,0,001,A022
20,13,nan,022,9,nan,0,001,001,0,001,A022
20,14,nan,022,9,nan,0,001,001,0,001,A022
20,15,nan,022,9,nan,0,001,001,0,001,A022
20,16,nan,022,9,nan,0,001,001,0,001,A022
20,17,nan,022,9,nan,0,001,001,0,001,A022
20,18,nan,022,9,nan,0,001,001,0,001,A022
20,19,nan,022,9,nan,0,001,001,0,001,A022
20,20,nan,022,9,nan,0,001,001,0,001,A022
20,21,nan,022,9,nan,0,001,001,0,001,A022
20,22,nan,022,9,nan,0,001,001,0,001,A022
20,23,nan,022,9,nan,0,001,001,0,001,A022
20,24,nan,022,9,nan,0,001,001,0,001,A022
20,25,nan,022,9,nan,0,001,001,0,001,A022
20,26,nan,022,9,nan,0,001,001,0,001,A022
20,27,nan,022,9,nan,0,001,001,0,001,A022
20,28,nan,022,9,nan,0,001,001,0,001,A022
20,29,nan,022,9,nan,0,001,001,0,001,A022
20,30,nan,022,9,nan,0,001,001,0,001,A022
20,31,nan,022,9,nan,0,001,001,0,001,A022
20,32,nan,022,9,nan,0,001,001,0,001,A022
20,33,nan,022,9,nan,0,001,001,0,001,A022
20,34,nan,022,9,nan,0,001,001,0,001,A022
20,35,nan,022,9,nan,0,001,001,0,001,A022
20,36,nan,022,9,nan,0,001,001,0,001,A022
20,37,nan,022,9,nan,0,001,001,0,001,A022
20,38,nan,022,9,nan,0,001,001,0,001,A022
20,39,nan,022,9,nan,0,001,001,0,001,A022
20,40,nan,022,9,nan,0,001,001,0,001,A022
21,1,nan,001,1,nan,0,001,008,0,001,H001
21,2,nan,001,1,nan,0,001,008,0,001,H001
21,3,nan,001,1,nan,0,001,008,0,001,H001
21,4,nan,001,1,nan,0,001,008,0,001,H001
21,5,nan,001,1,nan,0,001,008,0,001,H001
21,6,nan,001,1,nan,0,001,008,0,001,H001
21,7,nan,001,1,nan,0,001,008,0,001,H001
21,8,nan,001,1,nan,0,001,008,0,001,H001
21,9,nan,001,1,nan,0,001,008,0,001,H001
21,10,nan,001,1,nan,0,001,008,0,001,H001
21,11,nan,001,1,nan,0,001,008,0,001,H001
21,12,nan,001,1,nan,0,001,008,0,001,H001
21,13,nan,001,1,nan,0,001,008,0,001,H001
21,14,nan,001,1,nan,0,001,008,0,001,H001
21,15,nan,001,1,nan,0,001,008,0,001,H001
21,16,nan,001,1,nan,0,001,008,0,001,H001
21,17,nan,001,1,nan,0,001,008,0,001,H001
21,18,nan,001,1,nan,0,001,008,0,001,H001
21,19,nan,001,1,nan,0,001,008,0,001,H001
21,20,nan,001,1,nan,0,001,008,0,001,H001
21,21,nan,001,1,nan,0,001,008,0,001,H001
21,22,nan,001,1,nan,0,001,008,0,001,H001
22,1,nan,001,10,nan,0,001,008,0,001,H001
22,2,nan,001,10,nan,0,001,008,0,001,H001
22,3,nan,001,10,nan,0,001,008,0,001,H001
22,4,nan,001,10,nan,0,001,008,0,001,H001
22,5,nan,001,10,nan,0,001,008,0,001,H001
22,6,nan,001,10,nan,0,001,008,0,001,H001
22,7,nan,001,10,nan,0,001,008,0,001,H001
22,8,nan,001,10,nan,0,001,008,0,001,H001
22,9,nan,001,10,nan,0,001,008,0,001,H001
22,10,nan,001,10,nan,0,001,008,0,001,H001
22,11,nan,001,10,nan,0,001,008,0,001,H001
22,12,nan,001,10,nan,0,001,008,0,001,H001
22,13,nan,001,10,nan,0,001,008,0,001,H001
22,14,nan,001,10,nan,0,001,008,0,001,H001
22,15,nan,001,10,nan,0,001,008,0,001,H001
22,16,nan,001,10,nan,0,001,008,0,001,H001
22,17,nan,001,10,nan,0,001,008,0,001,H001
22,18,nan,001,10,nan,0,001,008,0,001,H001
22,19,nan,001,10,nan,0,001,008,0,001,H001
22,20,nan,001,10,nan,0,001,008,0,001,H001
22,21,nan,001,10,nan,0,001,008,0,001,H001
22,22,nan,001,10,nan,0,001,008,0,001,H001
22,23,nan,001,10,nan,0,001,008,0,001,H001
22,24,nan,001,10,nan,0,001,008,0,001,H001
22,25,nan,001,10,nan,0,001,008,0,001,H001
22,26,nan,001,10,nan,0,001,008,0,001,H001
22,27,nan,001,10,nan,0,001,008,0,001,H001
22,28,nan,001,10,nan,0,001,008,0,001,H001
22,29,nan,001,10,nan,0,001,008,0,001,H001
22,30,nan,001,10,nan,0,001,008,0,001,H001
22,31,nan,001,10,nan,0,001,008,0,001,H001
22,32,nan,001,10,nan,0,001,008,0,001,H001
22,33,nan,001,10,nan,0,001,008,0,001,H001
22,34,nan,001,10,nan,0,001,008,0,001,H001
22,35,nan,001,10,nan,0,001,008,0,001,H001
22,36,nan,001,10,nan,0,001,008,0,001,H001
22,37,nan,001,10,nan,0,001,008,0,001,H001
22,38,nan,001,10,nan,0,001,008,0,001,H001
23,1,nan,001,2,nan,0,001,008,0,001,H001
23,2,nan,001,2,nan,0,001,008,0,001,H001
23,3,nan,001,2,nan,0,001,008,0,001,H001
23,4,nan,001,2,nan,0,001,008,0,001,H001
23,5,nan,001,2,nan,0,001,008,0,001,H001
23,6,nan,001,2,nan,0,001,008,0,001,H001
23,7,nan,001,2,nan,0,001,008,0,001,H001
23,8,nan,001,2,nan,0,001,008,0,001,H001
23,9,nan,001,2,nan,0,001,008,0,001,H001
23,10,nan,001,2,nan,0,001,008,0,001,H001
23,11,nan,001,2,nan,0,001,008,0,001,H001
23,12,nan,001,2,nan,0,001,008,0,001,H001
23,13,nan,001,2,nan,0,001,008,0,001,H001
23,14,nan,001,2,nan,0,001,008,0,001,H001
23,15,nan,001,2,nan,0,001,008,0,001,H001
23,16,nan,001,2,nan,0,001,008,0,001,H001
23,17,nan,001,2,nan,0,001,008,0,001,H001
23,18,nan,001,2,nan,0,001,008,0,001,H001
23,19,nan,001,2,nan,0,001,008,0,001,H001
23,20,nan,001,2,nan,0,001,008,0,001,H001
23,21,nan,001,2,nan,0,001,008,0,001,H001
23,22,nan,001,2,nan,0,001,008,0,001,H001
23,23,nan,001,2,nan,0,001,008,0,001,H001
24,1,nan,001,3,nan,0,001,008,0,001,H001
24,2,nan,001,3,nan,0,001,008,0,001,H001
24,3,nan,001,3,nan,0,001,008,0,001,H001
24,4,nan,001,3,nan,0,001,008,0,001,H001
24,5,nan,001,3,nan,0,001,008,0,001,H001
24,6,nan,001,3,nan,0,001,008,0,001,H001
24,7,nan,001,3,nan,0,001,008,0,001,H001
24,8,nan,001,3,nan,0,001,008,0,001,H001
24,9,nan,001,3,nan,0,001,008,0,001,H001
24,10,nan,001,3,nan,0,001,008,0,001,H001
24,11,nan,001,3,nan,0,001,008,0,001,H001
24,12,nan,001,3,nan,0,001,008,0,001,H001
24,13,nan,001,3,nan,0,001,008,0,001,H001
24,14,nan,001,3,nan,0,001,008,0,001,H001
24,15,nan,001,3,nan,0,001,008,0,001,H001
24,16,nan,001,3,nan,0,001,008,0,001,H001
24,17,nan,001,3,nan,0,001,008,0,001,H001
24,18,nan,001,3,nan,0,001,008,0,001,H001
24,19,nan,001,3,nan,0,001,008,0,001,H001
24,20,nan,001,3,nan,0,001,008,0,001,H001
24,21,nan,001,3,nan,0,001,008,0,001,H001
24,22,nan,001,3,nan,0,001,008,0,001,H001
24,23,nan,001,3,nan,0,001,008,0,001,H001
24,24,nan,001,3,nan,0,001,008,0,001,H001
24,25,nan,001,3,nan,0,001,008,0,001,H001
24,26,nan,001,3,nan,0,001,008,0,001,H001
24,27,nan,001,3,nan,0,001,008,0,001,H001
24,28,nan,001,3,nan,0,001,008,0,001,H001
24,29,nan,001,3,nan,0,001,008,0,001,H001
24,30,nan,001,3,nan,0,001,008,0,001,H001
24,31,nan,001,3,nan,0,001,008,0,001,H001
24,32,nan,001,3,nan,0,001,008,0,001,H001
24,33,nan,001,3,nan,0,001,008,0,001,H001
24,34,nan,001,3,nan,0,001,008,0,001,H001
24,35,nan,001,3,nan,0,001,008,0,001,H001
24,36,nan,001,3,nan,0,001,008,0,001,H001
24,37,nan,001,3,nan,0,001,008,0,001,H001
25,1,nan,001,4,nan,0,001,008,0,001,H001
25,2,nan,001,4,nan,0,001,008,0,001,H001
25,3,nan,001,4,nan,0,001,008,0,001,H001
25,4,nan,001,4,nan,0,001,008,0,001,H001
25,5,nan,001,4,nan,0,001,008,0,001,H001
25,6,nan,001,4,nan,0,001,008,0,001,H001
25,7,nan,001,4,nan,0,001,008,0,001,H001
25,8,nan,001,4,nan,0,001,008,0,001,H001
25,9,nan,001,4,nan,0,001,008,0,001,H001
25,10,nan,001,4,nan,0,001,008,0,001,H001
25,11,nan,001,4,nan,0,001,008,0,001,H001
25,12,nan,001,4,nan,0,001,008,0,001,H001
25,13,nan,001,4,nan,0,001,008,0,001,H001
25,14,nan,001,4,nan,0,001,008,0,001,H001
25,15,nan,001,4,nan,0,001,008,0,001,H001
25,16,nan,001,4,nan,0,001,008,0,001,H001
25,17,nan,001,4,nan,0,001,008,0,001,H001
25,18,nan,001,4,nan,0,001,008,0,001,H001
25,19,nan,001,4,nan,0,001,008,0,001,H001
25,20,nan,001,4,nan,0,001,008,0,001,H001
25,21,nan,001,4,nan,0,001,008,0,001,H001
25,22,nan,001,4,nan,0,001,008,0,001,H001
25,23,nan,001,4,nan,0,001,008,0,001,H001
25,24,nan,001,4,nan,0,001,008,0,001,H001
25,25,nan,001,4,nan,0,001,008,0,001,H001
26,1,nan,001,5,nan,0,001,008,0,001,H001
26,2,nan,001,5,nan,0,001,008,0,001,H001
26,3,nan,001,5,nan,0,001,008,0,001,H001
26,4,nan,001,5,nan,0,001,008,0,001,H001
26,5,nan,001,5,nan,0,001,008,0,001,H001
26,6,nan,001,5,nan,0,001,008,0,001,H001
26,7,nan,001,5,nan,0,001,008,0,001,H001
26,8,nan,001,5,nan,0,001,008,0,001,H001
26,9,nan,001,5,nan,0,001,008,0,001,H001
26,10,nan,001,5,nan,0,001,008,0,001,H001
26,11,nan,001,5,nan,0,001,008,0,001,H001
26,12,nan,001,5,nan,0,001,008,0,001,H001
26,13,nan,001,5,nan,0,001,008,0,001,H001
26,14,nan,001,5,nan,0,001,008,0,001,H001
26,15,nan,001,5,nan,0,001,008,0,001,H001
26,16,nan,001,5,nan,0,001,008,0,001,H001
26,17,nan,001,5,nan,0,001,008,0,001,H001
26,18,nan,001,5,nan,0,001,008,0,001,H001
26,19,nan,001,5,nan,0,001,008,0,001,H001
27,1,nan,001,6,nan,0,001,008,0,001,H001
27,2,nan,001,6,nan,0,001,008,0,001,H001
27,3,nan,001,6,nan,0,001,008,0,001,H001
27,4,nan,001,6,nan,0,001,008,0,001,H001
27,5,nan,001,6,nan,0,001,008,0,001,H001
27,6,nan,001,6,nan,0,001,008,0,001,H001
27,7,nan,001,6,nan,0,001,008,0,001,H001
27,8,nan,001,6,nan,0,001,008,0,001,H001
27,9,nan,001,6,nan,0,001,008,0,001,H001
27,10,nan,001,6,nan,0,001,008,0,001,H001
27,11,nan,001,6,nan,0,001,008,0,001,H001
27,12,nan,001,6,nan,0,001,008,0,001,H001
27,13,nan,001,6,nan,0,001,008,0,001,H001
27,14,nan,001,6,nan,0,001,008,0,001,H001
27,15,nan,001,6,nan,0,001,008,0,001,H001
27,16,nan,001,6,nan,0,001,008,0,001,H001
27,17,nan,001,6,nan,0,001,008,0,001,H001
27,18,nan,001,6,nan,0,001,008,0,001,H001
27,19,nan,001,6,nan,0,001,008,0,001,H001
27,20,nan,001,6,nan,0,001,008,0,001,H001
27,21,nan,001,6,nan,0,001,008,0,001,H001
27,22,nan,001,6,nan,0,001,008,0,001,H001
27,23,nan,001,6,nan,0,001,008,0,001,H001
27,24,nan,001,6,nan,0,001,008,0,001,H001
27,25,nan,001,6,nan,0,001,008,0,001,H001
28,1,nan,001,7,nan,0,001,008,0,001,H001
28,2,nan,001,7,nan,0,001,008,0,001,H001
28,3,nan,001,7,nan,0,001,008,0,001,H001
28,4,nan,001,7,nan,0,001,008,0,001,H001
28,5,nan,001,7,nan,0,001,008,0,001,H001
28,6,nan,001,7,nan,0,001,008,0,001,H001
28,7,nan,001,7,nan,0,001,008,0,001,H001
28,8,nan,001,7,nan,0,001,008,0,001,H001
28,9,nan,001,7,nan,0,001,008,0,001,H001
28,10,nan,001,7,nan,0,001,008,0,001,H001
28,11,nan,001,7,nan,0,001,008,0,001,H001
28,12,nan,001,7,nan,0,001,008,0,001,H001
28,13,nan,001,7,nan,0,001,008,0,001,H001
28,14,nan,001,7,nan,0,001,008,0,001,H001
28,15,nan,001,7,nan,0,001,008,0,001,H001
28,16,nan,001,7,nan,0,001,008,0,001,H001
29,1,nan,001,8,nan,0,001,008,0,001,H001
29,2,nan,001,8,nan,0,001,008,0,001,H001
29,3,nan,001,8,nan,0,001,008,0,001,H001
29,4,nan,001,8,nan,0,001,008,0,001,H001
29,5,nan,001,8,nan,0,001,008,0,001,H001
29,6,nan,001,8,nan,0,001,008,0,001,H001
29,7,nan,001,8,nan,0,001,008,0,001,H001
29,8,nan,001,8,nan,0,001,008,0,001,H001
29,9,nan,001,8,nan,0,001,008,0,001,H001
29,10,nan,001,8,nan,0,001,008,0,001,H001
29,11,nan,001,8,nan,0,001,008,0,001,H001
29,12,nan,001,8,nan,0,001,008,0,001,H001
29,13,nan,001,8,nan,0,001,008,0,001,H001
29,14,nan,001,8,nan,0,001,008,0,001,H001
29,15,nan,001,8,nan,0,001,008,0,001,H001
29,16,nan,001,8,nan,0,001,008,0,001,H001
29,17,nan,001,8,nan,0,001,008,0,001,H001
29,18,nan,001,8,nan,0,001,008,0,001,H001
29,19,nan,001,8,nan,0,001,008,0,001,H001
29,20,nan,001,8,nan,0,001,008,0,001,H001
29,21,nan,001,8,nan,0,001,008,0,001,H001
29,22,nan,001,8,nan,0,001,008,0,001,H001
30,1,nan,001,9,nan,0,001,008,0,001,H001
30,2,nan,001,9,nan,0,001,008,0,001,H001
30,3,nan,001,9,nan,0,001,008,0,001,H001
30,4,nan,001,9,nan,0,001,008,0,001,H001
30,5,nan,001,9,nan,0,001,008,0,001,H001
30,6,nan,001,9,nan,0,001,008,0,001,H001
30,7,nan,001,9,nan,0,001,008,0,001,H001
30,8,nan,001,9,nan,0,001,008,0,001,H001
30,9,nan,001,9,nan,0,001,008,0,001,H001
30,10,nan,001,9,nan,0,001,008,0,001,H001
30,11,nan,001,9,nan,0,001,008,0,001,H001
30,12,nan,001,9,nan,0,001,008,0,001,H001
30,13,nan,001,9,nan,0,001,008,0,001,H001
30,14,nan,001,9,nan,0,001,008,0,001,H001
30,15,nan,001,9,nan,0,001,008,0,001,H001
30,16,nan,001,9,nan,0,001,008,0,001,H001
30,17,nan,001,9,nan,0,001,008,0,001,H001
31,1,nan,024,1,nan,0,001,008,0,001,H024
31,2,nan,024,1,nan,0,001,008,0,001,H024
31,3,nan,024,1,nan,0,001,008,0,001,H024
31,4,nan,024,1,nan,0,001,008,0,001,H024
31,5,nan,024,1,nan,0,001,008,0,001,H024
31,6,nan,024,1,nan,0,001,008,0,001,H024
31,7,nan,024,1,nan,0,001,008,0,001,H024
31,8,nan,024,1,nan,0,001,008,0,001,H024
31,9,nan,024,1,nan,0,001,008,0,001,H024
31,10,nan,024,1,nan,0,001,008,0,001,H024
31,11,nan,024,1,nan,0,001,008,0,001,H024
31,12,nan,024,1,nan,0,001,008,0,001,H024
31,13,nan,024,1,nan,0,001,008,0,001,H024
31,14,nan,024,1,nan,0,001,008,0,001,H024
31,15,nan,024,1,nan,0,001,008,0,001,H024
31,16,nan,024,1,nan,0,001,008,0,001,H024
31,17,nan,024,1,nan,0,001,008,0,001,H024
31,18,nan,024,1,nan,0,001,008,0,001,H024
31,19,nan,024,1,nan,0,001,008,0,001,H024
31,20,nan,024,1,nan,0,001,008,0,001,H024
31,21,nan,024,1,nan,0,001,008,0,001,H024
31,22,nan,024,1,nan,0,001,008,0,001,H024
31,23,nan,024,1,nan,0,001,008,0,001,H024
31,24,nan,024,1,nan,0,001,008,0,001,H024
31,25,nan,024,1,nan,0,001,008,0,001,H024
31,26,nan,024,1,nan,0,001,008,0,001,H024
31,27,nan,024,1,nan,0,001,008,0,001,H024
31,28,nan,024,1,nan,0,001,008,0,001,H024
31,29,nan,024,1,nan,0,001,008,0,001,H024
31,30,nan,024,1,nan,0,001,008,0,001,H024
31,31,nan,024,1,nan,0,001,008,0,001,H024
31,32,nan,024,1,nan,0,001,008,0,001,H024
31,33,nan,024,1,nan,0,001,008,0,001,H024
31,34,nan,024,1,nan,0,001,008,0,001,H024
31,35,nan,024,1,nan,0,001,008,0,001,H024
31,36,nan,024,1,nan,0,001,008,0,001,H024
31,37,nan,024,1,nan,0,001,008,0,001,H024
31,38,nan,024,1,nan,0,001,008,0,001,H024
31,39,nan,024,1,nan,0,001,008,0,001,H024
31,40,nan,024,1,nan,0,001,008,0,001,H024
31,41,nan,024,1,nan,0,001,008,0,001,H024
31,42,nan,024,1,nan,0,001,008,0,001,H024
31,43,nan,024,1,nan,0,001,008,0,001,H024
31,44,nan,024,1,nan,0,001,008,0,001,H024
32,1,nan,024,10,nan,0,001,008,0,001,H024
32,2,nan,024,10,nan,0,001,008,0,001,H024
32,3,nan,024,10,nan,0,001,008,0,001,H024
32,4,nan,024,10,nan,0,001,008,0,001,H024
32,5,nan,024,10,nan,0,001,008,0,001,H024
32,6,nan,024,10,nan,0,001,008,0,001,H024
32,7,nan,024,10,nan,0,001,008,0,001,H024
32,8,nan,024,10,nan,0,001,008,0,001,H024
32,9,nan,024,10,nan,0,001,008,0,001,H024
32,10,nan,024,10,nan,0,001,008,0,001,H024
32,11,nan,024,10,nan,0,001,008,0,001,H024
32,12,nan,024,10,nan,0,001,008,0,001,H024
32,13,nan,024,10,nan,0,001,008,0,001,H024
32,14,nan,024,10,nan,0,001,008,0,001,H024
32,15,nan,024,10,nan,0,001,008,0,001,H024
32,16,nan,024,10,nan,0,001,008,0,001,H024
32,17,nan,024,10,nan,0,001,008,0,001,H024
32,18,nan,024,10,nan,0,001,008,0,001,H024
32,19,nan,024,10,nan,0,001,008,0,001,H024
32,20,nan,024,10,nan,0,001,008,0,001,H024
32,21,nan,024,10,nan,0,001,008,0,001,H024
32,22,nan,024,10,nan,0,001,008,0,001,H024
32,23,nan,024,10,nan,0,001,008,0,001,H024
32,24,nan,024,10,nan,0,001,008,0,001,H024
32,25,nan,024,10,nan,0,001,008,0,001,H024
32,26,nan,024,10,nan,0,001,008,0,001,H024
32,27,nan,024,10,nan,0,001,008,0,001,H024
32,28,nan,024,10,nan,0,001,008,0,001,H024
32,29,nan,024,10,nan,0,001,008,0,001,H024
32,30,nan,024,10,nan,0,001,008,0,001,H024
32,31,nan,024,10,nan,0,001,008,0,001,H024
32,32,nan,024,10,nan,0,001,008,0,001,H024
32,33,nan,024,10,nan,0,001,008,0,001,H024
32,34,nan,024,10,nan,0,001,008,0,001,H024
32,35,nan,024,10,nan,0,001,008,0,001,H024
32,36,nan,024,10,nan,0,001,008,0,001,H024
32,37,nan,024,10,nan,0,001,008,0,001,H024
32,38,nan,024,10,nan,0,001,008,0,001,H024
32,39,nan,024,10,nan,0,001,008,0,001,H024
32,40,nan,024,10,nan,0,001,008,0,001,H024
32,41,nan,024,10,nan,0,001,008,0,001,H024
32,42,nan,024,10,nan,0,001,008,0,001,H024
32,43,nan,024,10,nan,0,001,008,0,001,H024
32,44,nan,024,10,nan,0,001,008,0,001,H024
33,1,nan,024,2,nan,0,001,008,0,001,H024
33,2,nan,024,2,nan,0,001,008,0,001,H024
33,3,nan,024,2,nan,0,001,008,0,001,H024
33,4,nan,024,2,nan,0,001,008,0,001,H024
33,5,nan,024,2,nan,0,001,008,0,001,H024
33,6,nan,024,2,nan,0,001,008,0,001,H024
33,7,nan,024,2,nan,0,001,008,0,001,H024
33,8,nan,024,2,nan,0,001,008,0,001,H024
33,9,nan,024,2,nan,0,001,008,0,001,H024
33,10,nan,024,2,nan,0,001,008,0,001,H024
33,11,nan,024,2,nan,0,001,008,0,001,H024
33,12,nan,024,2,nan,0,001,008,0,001,H024
33,13,nan,024,2,nan,0,001,008,0,001,H024
33,14,nan,024,2,nan,0,001,008,0,001,H024
33,15,nan,024,2,nan,0,001,008,0,001,H024
33,16,nan,024,2,nan,0,001,008,0,001,H024
33,17,nan,024,2,nan,0,001,008,0,001,H024
33,18,nan,024,2,nan,0,001,008,0,001,H024
33,19,nan,024,2,nan,0,001,008,0,001,H024
33,20,nan,024,2,nan,0,001,008,0,001,H024
33,21,nan,024,2,nan,0,001,008,0,001,H024
33,22,nan,024,2,nan,0,001,008,0,001,H024
33,23,nan,024,2,nan,0,001,008,0,001,H024
33,24,nan,024,2,nan,0,001,008,0,001,H024
33,25,nan,024,2,nan,0,001,008,0,001,H024
33,26,nan,024,2,nan,0,001,008,0,001,H024
33,27,nan,024,2,nan,0,001,008,0,001,H024
33,28,nan,024,2,nan,0,001,008,0,001,H024
33,29,nan,024,2,nan,0,001,008,0,001,H024
33,30,nan,024,2,nan,0,001,008,0,001,H024
33,31,nan,024,2,nan,0,001,008,0,001,H024
33,32,nan,024,2,nan,0,001,008,0,001,H024
33,33,nan,024,2,nan,0,001,008,0,001,H024
33,34,nan,024,2,nan,0,001,008,0,001,H024
33,35,nan,024,2,nan,0,001,008,0,001,H024
33,36,nan,024,2,nan,0,001,008,0,001,H024
33,37,nan,024,2,nan,0,001,008,0,001,H024
33,38,nan,024,2,nan,0,001,008,0,001,H024
33,39,nan,024,2,nan,0,001,008,0,001,H024
33,40,nan,024,2,nan,0,001,008,0,001,H024
33,41,nan,024,2,nan,0,001,008,0,001,H024
33,42,nan,024,2,nan,0,001,008,0,001,H024
33,43,nan,024,2,nan,0,001,008,0,001,H024
33,44,nan,024,2,nan,0,001,008,0,001,H024
33,45,nan,024,2,nan,0,001,008,0,001,H024
33,46,nan,024,2,nan,0,001,008,0,001,H024
34,1,nan,024,3,nan,0,001,008,0,001,H024
34,2,nan,024,3,nan,0,001,008,0,001,H024
34,3,nan,024,3,nan,0,001,008,0,001,H024
34,4,nan,024,3,nan,0,001,008,0,001,H024
34,5,nan,024,3,nan,0,001,008,0,001,H024
34,6,nan,024,3,nan,0,001,008,0,001,H024
34,7,nan,024,3,nan,0,001,008,0,001,H024
34,8,nan,024,3,nan,0,001,008,0,001,H024
34,9,nan,024,3,nan,0,001,008,0,001,H024
34,10,nan,024,3,nan,0,001,008,0,001,H024
34,11,nan,024,3,nan,0,001,008,0,001,H024
34,12,nan,024,3,nan,0,001,008,0,001,H024
34,13,nan,024,3,nan,0,001,008,0,001,H024
34,14,nan,024,3,nan,0,001,008,0,001,H024
34,15,nan,024,3,nan,0,001,008,0,001,H024
34,16,nan,024,3,nan,0,001,008,0,001,H024
34,17,nan,024,3,nan,0,001,008,0,001,H024
34,18,nan,024,3,nan,0,001,008,0,001,H024
34,19,nan,024,3,nan,0,001,008,0,001,H024
34,20,nan,024,3,nan,0,001,008,0,001,H024
34,21,nan,024,3,nan,0,001,008,0,001,H024
34,22,nan,024,3,nan,0,001,008,0,001,H024
34,23,nan,024,3,nan,0,001,008,0,001,H024
34,24,nan,024,3,nan,0,001,008,0,001,H024
34,25,nan,024,3,nan,0,001,008,0,001,H024
34,26,nan,024,3,nan,0,001,008,0,001,H024
34,27,nan,024,3,nan,0,001,008,0,001,H024
35,1,nan,024,4,nan,0,001,008,0,001,H024
35,2,nan,024,4,nan,0,001,008,0,001,H024
35,3,nan,024,4,nan,0,001,008,0,001,H024
35,4,nan,024,4,nan,0,001,008,0,001,H024
35,5,nan,024,4,nan,0,001,008,0,001,H024
35,6,nan,024,4,nan,0,001,008,0,001,H024
35,7,nan,024,4,nan,0,001,008,0,001,H024
35,8,nan,024,4,nan,0,001,008,0,001,H024
35,9,nan,024,4,nan,0,001,008,0,001,H024
35,10,nan,024,4,nan,0,001,008,0,001,H024
35,11,nan,024,4,nan,0,001,008,0,001,H024
35,12,nan,024,4,nan,0,001,008,0,001,H024
35,13,nan,024,4,nan,0,001,008,0,001,H024
35,14,nan,024,4,nan,0,001,008,0,001,H024
35,15,nan,024,4,nan,0,001,008,0,001,H024
35,16,nan,024,4,nan,0,001,008,0,001,H024
35,17,nan,024,4,nan,0,001,008,0,001,H024
35,18,nan,024,4,nan,0,001,008,0,001,H024
35,19,nan,024,4,nan,0,001,008,0,001,H024
35,20,nan,024,4,nan,0,001,008,0,001,H024
35,21,nan,024,4,nan,0,001,008,0,001,H024
35,22,nan,024,4,nan,0,001,008,0,001,H024
35,23,nan,024,4,nan,0,001,008,0,001,H024
35,24,nan,024,4,nan,0,001,008,0,001,H024
35,25,nan,024,4,nan,0,001,008,0,001,H024
35,26,nan,024,4,nan,0,001,008,0,001,H024
35,27,nan,024,4,nan,0,001,008,0,001,H024
35,28,nan,024,4,nan,0,001,008,0,001,H024
35,29,nan,024,4,nan,0,001,008,0,001,H024
35,30,nan,024,4,nan,0,001,008,0,001,H024
35,31,nan,024,4,nan,0,001,008,0,001,H024
35,32,nan,024,4,nan,0,001,008,0,001,H024
35,33,nan,024,4,nan,0,001,008,0,001,H024
35,34,nan,024,4,nan,0,001,008,0,001,H024
35,35,nan,024,4,nan,0,001,008,0,001,H024
35,36,nan,024,4,nan,0,001,008,0,001,H024
35,37,nan,024,4,nan,0,001,008,0,001,H024
35,38,nan,024,4,nan,0,001,008,0,001,H024
35,39,nan,024,4,nan,0,001,008,0,001,H024
36,1,nan,024,5,nan,0,001,008,0,001,H024
36,2,nan,024,5,nan,0,001,008,0,001,H024
36,3,nan,024,5,nan,0,001,008,0,001,H024
36,4,nan,024,5,nan,0,001,008,0,001,H024
36,5,nan,024,5,nan,0,001,008,0,001,H024
36,6,nan,024,5,nan,0,001,008,0,001,H024
36,7,nan,024,5,nan,0,001,008,0,001,H024
36,8,nan,024,5,nan,0,001,008,0,001,H024
36,9,nan,024,5,nan,0,001,008,0,001,H024
36,10,nan,024,5,nan,0,001,008,0,001,H024
36,11,nan,024,5,nan,0,001,008,0,001,H024
36,12,nan,024,5,nan,0,001,008,0,001,H024
36,13,nan,024,5,nan,0,001,008,0,001,H024
36,14,nan,024,5,nan,0,001,008,0,001,H024
36,15,nan,024,5,nan,0,001,008,0,001,H024
36,16,nan,024,5,nan,0,001,008,0,001,H024
36,17,nan,024,5,nan,0,001,008,0,001,H024
36,18,nan,024,5,nan,0,001,008,0,001,H024
36,19,nan,024,5,nan,0,001,008,0,001,H024
36,20,nan,024,5,nan,0,001,008,0,001,H024
36,21,nan,024,5,nan,0,001,008,0,001,H024
36,22,nan,024,5,nan,0,001,008,0,001,H024
36,23,nan,024,5,nan,0,001,008,0,001,H024
36,24,nan,024,5,nan,0,001,008,0,001,H024
36,25,nan,024,5,nan,0,001,008,0,001,H024
36,26,nan,024,5,nan,0,001,008,0,001,H024
36,27,nan,024,5,nan,0,001,008,0,001,H024
36,28,nan,024,5,nan,0,001,008,0,001,H024
36,29,nan,024,5,nan,0,001,008,0,001,H024
36,30,nan,024,5,nan,0,001,008,0,001,H024
36,31,nan,024,5,nan,0,001,008,0,001,H024
36,32,nan,024,5,nan,0,001,008,0,001,H024
37,1,nan,024,6,nan,0,001,008,0,001,H024
37,2,nan,024,6,nan,0,001,008,0,001,H024
37,3,nan,024,6,nan,0,001,008,0,001,H024
37,4,nan,024,6,nan,0,001,008,0,001,H024
37,5,nan,024,6,nan,0,001,008,0,001,H024
37,6,nan,024,6,nan,0,001,008,0,001,H024
37,7,nan,024,6,nan,0,001,008,0,001,H024
37,8,nan,024,6,nan,0,001,008,0,001,H024
37,9,nan,024,6,nan,0,001,008,0,001,H024
37,10,nan,024,6,nan,0,001,008,0,001,H024
37,11,nan,024,6,nan,0,001,008,0,001,H024
37,12,nan,024,6,nan,0,001,008,0,001,H024
37,13,nan,024,6,nan,0,001,008,0,001,H024
37,14,nan,024,6,nan,0,001,008,0,001,H024
37,15,nan,024,6,nan,0,001,008,0,001,H024
37,16,nan,024,6,nan,0,001,008,0,001,H024
37,17,nan,024,6,nan,0,001,008,0,001,H024
37,18,nan,024,6,nan,0,001,008,0,001,H024
37,19,nan,024,6,nan,0,001,008,0,001,H024
37,20,nan,024,6,nan,0,001,008,0,001,H024
37,21,nan,024,6,nan,0,001,008,0,001,H024
37,22,nan,024,6,nan,0,001,008,0,001,H024
37,23,nan,024,6,nan,0,001,008,0,001,H024
37,24,nan,024,6,nan,0,001,008,0,001,H024
37,25,nan,024,6,nan,0,001,008,0,001,H024
37,26,nan,024,6,nan,0,001,008,0,001,H024
37,27,nan,024,6,nan,0,001,008,0,001,H024
37,28,nan,024,6,nan,0,001,008,0,001,H024
37,29,nan,024,6,nan,0,001,008,0,001,H024
37,30,nan,024,6,nan,0,001,008,0,001,H024
37,31,nan,024,6,nan,0,001,008,0,001,H024
37,32,nan,024,6,nan,0,001,008,0,001,H024
37,33,nan,024,6,nan,0,001,008,0,001,H024
38,1,nan,024,7,nan,0,001,008,0,001,H024
38,2,nan,024,7,nan,0,001,008,0,001,H024
38,3,nan,024,7,nan,0,001,008,0,001,H024
38,4,nan,024,7,nan,0,001,008,0,001,H024
38,5,nan,024,7,nan,0,001,008,0,001,H024
38,6,nan,024,7,nan,0,001,008,0,001,H024
38,7,nan,024,7,nan,0,001,008,0,001,H024
38,8,nan,024,7,nan,0,001,008,0,001,H024
38,9,nan,024,7,nan,0,001,008,0,001,H024
38,10,nan,024,7,nan,0,001,008,0,001,H024
38,11,nan,024,7,nan,0,001,008,0,001,H024
38,12,nan,024,7,nan,0,001,008,0,001,H024
38,13,nan,024,7,nan,0,001,008,0,001,H024
38,14,nan,024,7,nan,0,001,008,0,001,H024
38,15,nan,024,7,nan,0,001,008,0,001,H024
38,16,nan,024,7,nan,0,001,008,0,001,H024
38,17,nan,024,7,nan,0,001,008,0,001,H024
39,1,nan,024,8,nan,0,001,008,0,001,H024
39,2,nan,024,8,nan,0,001,008,0,001,H024
39,3,nan,024,8,nan,0,001,008,0,001,H024
39,4,nan,024,8,nan,0,001,008,0,001,H024
39,5,nan,024,8,nan,0,001,008,0,001,H024
39,6,nan,024,8,nan,0,001,008,0,001,H024
39,7,nan,024,8,nan,0,001,008,0,001,H024
39,8,nan,024,8,nan,0,001,008,0,001,H024
39,9,nan,024,8,nan,0,001,008,0,001,H024
39,10,nan,024,8,nan,0,001,008,0,001,H024
39,11,nan,024,8,nan,0,001,008,0,001,H024
39,12,nan,024,8,nan,0,001,008,0,001,H024
39,13,nan,024,8,nan,0,001,008,0,001,H024
39,14,nan,024,8,nan,0,001,008,0,001,H024
39,15,nan,024,8,nan,0,001,008,0,001,H024
39,16,nan,024,8,nan,0,001,008,0,001,H024
39,17,nan,024,8,nan,0,001,008,0,001,H024
39,18,nan,024,8,nan,0,001,008,0,001,H024
39,19,nan,024,8,nan,0,001,008,0,001,H024
39,20,nan,024,8,nan,0,001,008,0,001,H024
39,21,nan,024,8,nan,0,001,008,0,001,H024
39,22,nan,024,8,nan,0,001,008,0,001,H024
39,23,nan,024,8,nan,0,001,008,0,001,H024
39,24,nan,024,8,nan,0,001,008,0,001,H024
39,25,nan,024,8,nan,0,001,008,0,001,H024
39,26,nan,024,8,nan,0,001,008,0,001,H024
39,27,nan,024,8,nan,0,001,008,0,001,H024
39,28,nan,024,8,nan,0,001,008,0,001,H024
39,29,nan,024,8,nan,0,001,008,0,001,H024
39,30,nan,024,8,nan,0,001,008,0,001,H024
39,31,nan,024,8,nan,0,001,008,0,001,H024
39,32,nan,024,8,nan,0,001,008,0,001,H024
39,33,nan,024,8,nan,0,001,008,0,001,H024
39,34,nan,024,8,nan,0,001,008,0,001,H024
39,35,nan,024,8,nan,0,001,008,0,001,H024
39,36,nan,024,8,nan,0,001,008,0,001,H024
39,37,nan,024,8,nan,0,001,008,0,001,H024
39,38,nan,024,8,nan,0,001,008,0,001,H024
39,39,nan,024,8,nan,0,001,008,0,001,H024
39,40,nan,024,8,nan,0,001,008,0,001,H024
39,41,nan,024,8,nan,0,001,008,0,001,H024
39,42,nan,024,8,nan,0,001,008,0,001,H024
39,43,nan,024,8,nan,0,001,008,0,001,H024
39,44,nan,024,8,nan,0,001,008,0,001,H024
39,45,nan,024,8,nan,0,001,008,0,001,H024
39,46,nan,024,8,nan,0,001,008,0,001,H024
39,47,nan,024,8,nan,0,001,008,0,001,H024
39,48,nan,024,8,nan,0,001,008,0,001,H024
39,49,nan,024,8,nan,0,001,008,0,001,H024
39,50,nan,024,8,nan,0,001,008,0,001,H024
40,1,nan,024,9,nan,0,001,008,0,001,H024
40,2,nan,024,9,nan,0,001,008,0,001,H024
40,3,nan,024,9,nan,0,001,008,0,001,H024
40,4,nan,024,9,nan,0,001,008,0,001,H024
40,5,nan,024,9,nan,0,001,008,0,001,H024
40,6,nan,024,9,nan,0,001,008,0,001,H024
40,7,nan,024,9,nan,0,001,008,0,001,H024
40,8,nan,024,9,nan,0,001,008,0,001,H024
40,9,nan,024,9,nan,0,001,008,0,001,H024
40,10,nan,024,9,nan,0,001,008,0,001,H024
40,11,nan,024,9,nan,0,001,008,0,001,H024
40,12,nan,024,9,nan,0,001,008,0,001,H024
40,13,nan,024,9,nan,0,001,008,0,001,H024
40,14,nan,024,9,nan,0,001,008,0,001,H024
40,15,nan,024,9,nan,0,001,008,0,001,H024
40,16,nan,024,9,nan,0,001,008,0,001,H024
40,17,nan,024,9,nan,0,001,008,0,001,H024
40,18,nan,024,9,nan,0,001,008,0,001,H024
40,19,nan,024,9,nan,0,001,008,0,001,H024
40,20,nan,024,9,nan,0,001,008,0,001,H024
40,21,nan,024,9,nan,0,001,008,0,001,H024
40,22,nan,024,9,nan,0,001,008,0,001,H024
40,23,nan,024,9,nan,0,001,008,0,001,H024
40,24,nan,024,9,nan,0,001,008,0,001,H024
40,25,nan,024,9,nan,0,001,008,0,001,H024
40,26,nan,024,9,nan,0,001,008,0,001,H024
41,1,nan,003,1,nan,0,001,011,0,001,K003
41,2,nan,003,1,nan,0,001,011,0,001,K003
41,3,nan,003,1,nan,0,001,011,0,001,K003
41,4,nan,003,1,nan,0,001,011,0,001,K003
41,5,nan,003,1,nan,0,001,011,0,001,K003
41,6,nan,003,1,nan,0,001,011,0,001,K003
41,7,nan,003,1,nan,0,001,011,0,001,K003
41,8,nan,003,1,nan,0,001,011,0,001,K003
41,9,nan,003,1,nan,0,001,011,0,001,K003
41,10,nan,003,1,nan,0,001,011,0,001,K003
41,11,nan,003,1,nan,0,001,011,0,001,K003
41,12,nan,003,1,nan,0,001,011,0,001,K003
41,13,nan,003,1,nan,0,001,011,0,001,K003
41,14,nan,003,1,nan,0,001,011,0,001,K003
41,15,nan,003,1,nan,0,001,011,0,001,K003
41,16,nan,003,1,nan,0,001,011,0,001,K003
41,17,nan,003,1,nan,0,001,011,0,001,K003
41,18,nan,003,1,nan,0,001,011,0,001,K003
41,19,nan,003,1,nan,0,001,011,0,001,K003
41,20,nan,003,1,nan,0,001,011,0,001,K003
41,21,nan,003,1,nan,0,001,011,0,001,K003
41,22,nan,003,1,nan,0,001,011,0,001,K003
41,23,nan,003,1,nan,0,001,011,0,001,K003
41,24,nan,003,1,nan,0,001,011,0,001,K003
42,1,nan,003,10,nan,0,001,011,0,001,K003
42,2,nan,003,10,nan,0,001,011,0,001,K003
42,3,nan,003,10,nan,0,001,011,0,001,K003
42,4,nan,003,10,nan,0,001,011,0,001,K003
42,5,nan,003,10,nan,0,001,011,0,001,K003
42,6,nan,003,10,nan,0,001,011,0,001,K003
42,7,nan,003,10,nan,0,001,011,0,001,K003
42,8,nan,003,10,nan,0,001,011,0,001,K003
42,9,nan,003,10,nan,0,001,011,0,001,K003
42,10,nan,003,10,nan,0,001,011,0,001,K003
42,11,nan,003,10,nan,0,001,011,0,001,K003
42,12,nan,003,10,nan,0,001,011,0,001,K003
42,13,nan,003,10,nan,0,001,011,0,001,K003
42,14,nan,003,10,nan,0,001,011,0,001,K003
42,15,nan,003,10,nan,0,001,011,0,001,K003
42,16,nan,003,10,nan,0,001,011,0,001,K003
42,17,nan,003,10,nan,0,001,011,0,001,K003
43,1,nan,003,2,nan,0,001,011,0,001,K003
43,2,nan,003,2,nan,0,001,011,0,001,K003
43,3,nan,003,2,nan,0,001,011,0,001,K003
43,4,nan,003,2,nan,0,001,011,0,001,K003
43,5,nan,003,2,nan,0,001,011,0,001,K003
43,6,nan,003,2,nan,0,001,011,0,001,K003
43,7,nan,003,2,nan,0,001,011,0,001,K003
43,8,nan,003,2,nan,0,001,011,0,001,K003
43,9,nan,003,2,nan,0,001,011,0,001,K003
43,10,nan,003,2,nan,0,001,011,0,001,K003
43,11,nan,003,2,nan,0,001,011,0,001,K003
43,12,nan,003,2,nan,0,001,011,0,001,K003
43,13,nan,003,2,nan,0,001,011,0,001,K003
43,14,nan,003,2,nan,0,001,011,0,001,K003
43,15,nan,003,2,nan,0,001,011,0,001,K003
43,16,nan,003,2,nan,0,001,011,0,001,K003
43,17,nan,003,2,nan,0,001,011,0,001,K003
43,18,nan,003,2,nan,0,001,011,0,001,K003
43,19,nan,003,2,nan,0,001,011,0,001,K003
43,20,nan,003,2,nan,0,001,011,0,001,K003
43,21,nan,003,2,nan,0,001,011,0,001,K003
43,22,nan,003,2,nan,0,001,011,0,001,K003
43,23,nan,003,2,nan,0,001,011,0,001,K003
43,24,nan,003,2,nan,0,001,011,0,001,K003
43,25,nan,003,2,nan,0,001,011,0,001,K003
43,26,nan,003,2,nan,0,001,011,0,001,K003
44,1,nan,003,3,nan,0,001,011,0,001,K003
44,2,nan,003,3,nan,0,001,011,0,001,K003
44,3,nan,003,3,nan,0,001,011,0,001,K003
44,4,nan,003,3,nan,0,001,011,0,001,K003
44,5,nan,003,3,nan,0,001,011,0,001,K003
44,6,nan,003,3,nan,0,001,011,0,001,K003
44,7,nan,003,3,nan,0,001,011,0,001,K003
44,8,nan,003,3,nan,0,001,011,0,001,K003
44,9,nan,003,3,nan,0,001,011,0,001,K003
44,10,nan,003,3,nan,0,001,011,0,001,K003
44,11,nan,003,3,nan,0,001,011,0,001,K003
44,12,nan,003,3,nan,0,001,011,0,001,K003
44,13,nan,003,3,nan,0,001,011,0,001,K003
44,14,nan,003,3,nan,0,001,011,0,001,K003
44,15,nan,003,3,nan,0,001,011,0,001,K003
45,1,nan,003,4,nan,0,001,011,0,001,K003
45,2,nan,003,4,nan,0,001,011,0,001,K003
45,3,nan,003,4,nan,0,001,011,0,001,K003
45,4,nan,003,4,nan,0,001,011,0,001,K003
45,5,nan,003,4,nan,0,001,011,0,001,K003
45,6,nan,003,4,nan,0,001,011,0,001,K003
45,7,nan,003,4,nan,0,001,011,0,001,K003
45,8,nan,003,4,nan,0,001,011,0,001,K003
45,9,nan,003,4,nan,0,001,011,0,001,K003
45,10,nan,003,4,nan,0,001,011,0,001,K003
45,11,nan,003,4,nan,0,001,011,0,001,K003
45,12,nan,003,4,nan,0,001,011,0,001,K003
45,13,nan,003,4,nan,0,001,011,0,001,K003
45,14,nan,003,4,nan,0,001,011,0,001,K003
45,15,nan,003,4,nan,0,001,011,0,001,K003
45,16,nan,003,4,nan,0,001,011,0,001,K003
45,17,nan,003,4,nan,0,001,011,0,001,K003
46,1,nan,003,5,nan,0,001,011,0,001,K003
46,2,nan,003,5,nan,0,001,011,0,001,K003
46,3,nan,003,5,nan,0,001,011,0,001,K003
46,4,nan,003,5,nan,0,001,011,0,001,K003
46,5,nan,003,5,nan,0,001,011,0,001,K003
46,6,nan,003,5,nan,0,001,011,0,001,K003
46,7,nan,003,5,nan,0,001,011,0,001,K003
46,8,nan,003,5,nan,0,001,011,0,001,K003
46,9,nan,003,5,nan,0,001,011,0,001,K003
46,10,nan,003,5,nan,0,001,011,0,001,K003
46,11,nan,003,5,nan,0,001,011,0,001,K003
46,12,nan,003,5,nan,0,001,011,0,001,K003
46,13,nan,003,5,nan,0,001,011,0,001,K003
46,14,nan,003,5,nan,0,001,011,0,001,K003
46,15,nan,003,5,nan,0,001,011,0,001,K003
46,16,nan,003,5,nan,0,001,011,0,001,K003
46,17,nan,003,5,nan,0,001,011,0,001,K003
46,18,nan,003,5,nan,0,001,011,0,001,K003
46,19,nan,003,5,nan,0,001,011,0,001,K003
47,1,nan,003,6,nan,0,001,011,0,001,K003
47,2,nan,003,6,nan,0,001,011,0,001,K003
47,3,nan,003,6,nan,0,001,011,0,001,K003
47,4,nan,003,6,nan,0,001,011,0,001,K003
47,5,nan,003,6,nan,0,001,011,0,001,K003
47,6,nan,003,6,nan,0,001,011,0,001,K003
47,7,nan,003,6,nan,0,001,011,0,001,K003
47,8,nan,003,6,nan,0,001,011,0,001,K003
47,9,nan,003,6,nan,0,001,011,0,001,K003
47,10,nan,003,6,nan,0,001,011,0,001,K003
47,11,nan,003,6,nan,0,001,011,0,001,K003
47,12,nan,003,6,nan,0,001,011,0,001,K003
47,13,nan,003,6,nan,0,001,011,0,001,K003
47,14,nan,003,6,nan,0,001,011,0,001,K003
47,15,nan,003,6,nan,0,001,011,0,001,K003
47,16,nan,003,6,nan,0,001,011,0,001,K003
47,17,nan,003,6,nan,0,001,011,0,001,K003
47,18,nan,003,6,nan,0,001,011,0,001,K003
47,19,nan,003,6,nan,0,001,011,0,001,K003
47,20,nan,003,6,nan,0,001,011,0,001,K003
47,21,nan,003,6,nan,0,001,011,0,001,K003
47,22,nan,003,6,nan,0,001,011,0,001,K003
47,23,nan,003,6,nan,0,001,011,0,001,K003
47,24,nan,003,6,nan,0,001,011,0,001,K003
47,25,nan,003,6,nan,0,001,011,0,001,K003
47,26,nan,003,6,nan,0,001,011,0,001,K003
47,27,nan,003,6,nan,0,001,011,0,001,K003
47,28,nan,003,6,nan,0,001,011,0,001,K003
47,29,nan,003,6,nan,0,001,011,0,001,K003
47,30,nan,003,6,nan,0,001,011,0,001,K003
47,31,nan,003,6,nan,0,001,011,0,001,K003
47,32,nan,003,6,nan,0,001,011,0,001,K003
48,1,nan,003,7,nan,0,001,011,0,001,K003
48,2,nan,003,7,nan,0,001,011,0,001,K003
48,3,nan,003,7,nan,0,001,011,0,001,K003
48,4,nan,003,7,nan,0,001,011,0,001,K003
48,5,nan,003,7,nan,0,001,011,0,001,K003
48,6,nan,003,7,nan,0,001,011,0,001,K003
48,7,nan,003,7,nan,0,001,011,0,001,K003
48,8,nan,003,7,nan,0,001,011,0,001,K003
48,9,nan,003,7,nan,0,001,011,0,001,K003
48,10,nan,003,7,nan,0,001,011,0,001,K003
48,11,nan,003,7,nan,0,001,011,0,001,K003
48,12,nan,003,7,nan,0,001,011,0,001,K003
48,13,nan,003,7,nan,0,001,011,0,001,K003
48,14,nan,003,7,nan,0,001,011,0,001,K003
48,15,nan,003,7,nan,0,001,011,0,001,K003
48,16,nan,003,7,nan,0,001,011,0,001,K003
48,17,nan,003,7,nan,0,001,011,0,001,K003
48,18,nan,003,7,nan,0,001,011,0,001,K003
49,1,nan,003,8,nan,0,001,011,0,001,K003
49,2,nan,003,8,nan,0,001,011,0,001,K003
49,3,nan,003,8,nan,0,001,011,0,001,K003
49,4,nan,003,8,nan,0,001,011,0,001,K003
49,5,nan,003,8,nan,0,001,011,0,001,K003
49,6,nan,003,8,nan,0,001,011,0,001,K003
49,7,nan,003,8,nan,0,001,011,0,001,K003
49,8,nan,003,8,nan,0,001,011,0,001,K003
49,9,nan,003,8,nan,0,001,011,0,001,K003
49,10,nan,003,8,nan,0,001,011,0,001,K003
49,11,nan,003,8,nan,0,001,011,0,001,K003
49,12,nan,003,8,nan,0,001,011,0,001,K003
49,13,nan,003,8,nan,0,001,011,0,001,K003
49,14,nan,003,8,nan,0,001,011,0,001,K003
49,15,nan,003,8,nan,0,001,011,0,001,K003
49,16,nan,003,8,nan,0,001,011,0,001,K003
49,17,nan,003,8,nan,0,001,011,0,001,K003
49,18,nan,003,8,nan,0,001,011,0,001,K003
49,19,nan,003,8,nan,0,001,011,0,001,K003
50,1,nan,003,9,nan,0,001,011,0,001,K003
50,2,nan,003,9,nan,0,001,011,0,001,K003
50,3,nan,003,9,nan,0,001,011,0,001,K003
50,4,nan,003,9,nan,0,001,011,0,001,K003
50,5,nan,003,9,nan,0,001,011,0,001,K003
50,6,nan,003,9,nan,0,001,011,0,001,K003
50,7,nan,003,9,nan,0,001,011,0,001,K003
50,8,nan,003,9,nan,0,001,011,0,001,K003
50,9,nan,003,9,nan,0,001,011,0,001,K003
50,10,nan,003,9,nan,0,001,011,0,001,K003
50,11,nan,003,9,nan,0,001,011,0,001,K003
50,12,nan,003,9,nan,0,001,011,0,001,K003
50,13,nan,003,9,nan,0,001,011,0,001,K003
50,14,nan,003,9,nan,0,001,011,0,001,K003
50,15,nan,003,9,nan,0,001,011,0,001,K003
50,16,nan,003,9,nan,0,001,011,0,001,K003
50,17,nan,003,9,nan,0,001,011,0,001,K003
50,18,nan,003,9,nan,0,001,011,0,001,K003
50,19,nan,003,9,nan,0,001,011,0,001,K003
50,20,nan,003,9,nan,0,001,011,0,001,K003
50,21,nan,003,9,nan,0,001,011,0,001,K003
50,22,nan,003,9,nan,0,001,011,0,001,K003
50,23,nan,003,9,nan,0,001,011,0,001,K003
50,24,nan,003,9,nan,0,001,011,0,001,K003
50,25,nan,003,9,nan,0,001,011,0,001,K003
50,26,nan,003,9,nan,0,001,011,0,001,K003
50,27,nan,003,9,nan,0,001,011,0,001,K003
50,28,nan,003,9,nan,0,001,011,0,001,K003
50,29,nan,003,9,nan,0,001,011,0,001,K003
50,30,nan,003,9,nan,0,001,011,0,001,K003
50,31,nan,003,9,nan,0,001,011,0,001,K003
50,32,nan,003,9,nan,0,001,011,0,001,K003
50,33,nan,003,9,nan,0,001,011,0,001,K003
50,34,nan,003,9,nan,0,001,011,0,001,K003
50,35,nan,003,9,nan,0,001,011,0,001,K003
50,36,nan,003,9,nan,0,001,011,0,001,K003
50,37,nan,003,9,nan,0,001,011,0,001,K003
50,38,nan,003,9,nan,0,001,011,0,001,K003
50,39,nan,003,9,nan,0,001,011,0,001,K003
51,1,nan,022,1,nan,0,001,011,0,001,K022
51,2,nan,022,1,nan,0,001,011,0,001,K022
51,3,nan,022,1,nan,0,001,011,0,001,K022
51,4,nan,022,1,nan,0,001,011,0,001,K022
51,5,nan,022,1,nan,0,001,011,0,001,K022
51,6,nan,022,1,nan,0,001,011,0,001,K022
51,7,nan,022,1,nan,0,001,011,0,001,K022
51,8,nan,022,1,nan,0,001,011,0,001,K022
51,9,nan,022,1,nan,0,001,011,0,001,K022
51,10,nan,022,1,nan,0,001,011,0,001,K022
51,11,nan,022,1,nan,0,001,011,0,001,K022
51,12,nan,022,1,nan,0,001,011,0,001,K022
51,13,nan,022,1,nan,0,001,011,0,001,K022
51,14,nan,022,1,nan,0,001,011,0,001,K022
51,15,nan,022,1,nan,0,001,011,0,001,K022
51,16,nan,022,1,nan,0,001,011,0,001,K022
51,17,nan,022,1,nan,0,001,011,0,001,K022
51,18,nan,022,1,nan,0,001,011,0,001,K022
51,19,nan,022,1,nan,0,001,011,0,001,K022
51,20,nan,022,1,nan,0,001,011,0,001,K022
51,21,nan,022,1,nan,0,001,011,0,001,K022
51,22,nan,022,1,nan,0,001,011,0,001,K022
51,23,nan,022,1,nan,0,001,011,0,001,K022
51,24,nan,022,1,nan,0,001,011,0,001,K022
51,25,nan,022,1,nan,0,001,011,0,001,K022
51,26,nan,022,1,nan,0,001,011,0,001,K022
52,1,nan,022,10,nan,0,001,011,0,001,K022
52,2,nan,022,10,nan,0,001,011,0,001,K022
52,3,nan,022,10,nan,0,001,011,0,001,K022
52,4,nan,022,10,nan,0,001,011,0,001,K022
52,5,nan,022,10,nan,0,001,011,0,001,K022
52,6,nan,022,10,nan,0,001,011,0,001,K022
52,7,nan,022,10,nan,0,001,011,0,001,K022
52,8,nan,022,10,nan,0,001,011,0,001,K022
52,9,nan,022,10,nan,0,001,011,0,001,K022
52,10,nan,022,10,nan,0,001,011,0,001,K022
52,11,nan,022,10,nan,0,001,011,0,001,K022
52,12,nan,022,10,nan,0,001,011,0,001,K022
52,13,nan,022,10,nan,0,001,011,0,001,K022
52,14,nan,022,10,nan,0,001,011,0,001,K022
52,15,nan,022,10,nan,0,001,011,0,001,K022
53,1,nan,022,2,nan,0,001,011,0,001,K022
53,2,nan,022,2,nan,0,001,011,0,001,K022
53,3,nan,022,2,nan,0,001,011,0,001,K022
53,4,nan,022,2,nan,0,001,011,0,001,K022
53,5,nan,022,2,nan,0,001,011,0,001,K022
53,6,nan,022,2,nan,0,001,011,0,001,K022
53,7,nan,022,2,nan,0,001,011,0,001,K022
53,8,nan,022,2,nan,0,001,011,0,001,K022
53,9,nan,022,2,nan,0,001,011,0,001,K022
53,10,nan,022,2,nan,0,001,011,0,001,K022
53,11,nan,022,2,nan,0,001,011,0,001,K022
53,12,nan,022,2,nan,0,001,011,0,001,K022
53,13,nan,022,2,nan,0,001,011,0,001,K022
53,14,nan,022,2,nan,0,001,011,0,001,K022
53,15,nan,022,2,nan,0,001,011,0,001,K022
53,16,nan,022,2,nan,0,001,011,0,001,K022
53,17,nan,022,2,nan,0,001,011,0,001,K022
53,18,nan,022,2,nan,0,001,011,0,001,K022
53,19,nan,022,2,nan,0,001,011,0,001,K022
53,20,nan,022,2,nan,0,001,011,0,001,K022
53,21,nan,022,2,nan,0,001,011,0,001,K022
53,22,nan,022,2,nan,0,001,011,0,001,K022
53,23,nan,022,2,nan,0,001,011,0,001,K022
54,1,nan,022,3,nan,0,001,011,0,001,K022
54,2,nan,022,3,nan,0,001,011,0,001,K022
54,3,nan,022,3,nan,0,001,011,0,001,K022
54,4,nan,022,3,nan,0,001,011,0,001,K022
54,5,nan,022,3,nan,0,001,011,0,001,K022
54,6,nan,022,3,nan,0,001,011,0,001,K022
54,7,nan,022,3,nan,0,001,011,0,001,K022
54,8,nan,022,3,nan,0,001,011,0,001,K022
54,9,nan,022,3,nan,0,001,011,0,001,K022
54,10,nan,022,3,nan,0,001,011,0,001,K022
54,11,nan,022,3,nan,0,001,011,0,001,K022
54,12,nan,022,3,nan,0,001,011,0,001,K022
54,13,nan,022,3,nan,0,001,011,0,001,K022
54,14,nan,022,3,nan,0,001,011,0,001,K022
54,15,nan,022,3,nan,0,001,011,0,001,K022
54,16,nan,022,3,nan,0,001,011,0,001,K022
54,17,nan,022,3,nan,0,001,011,0,001,K022
54,18,nan,022,3,nan,0,001,011,0,001,K022
54,19,nan,022,3,nan,0,001,011,0,001,K022
54,20,nan,022,3,nan,0,001,011,0,001,K022
54,21,nan,022,3,nan,0,001,011,0,001,K022
54,22,nan,022,3,nan,0,001,011,0,001,K022
54,23,nan,022,3,nan,0,001,011,0,001,K022
54,24,nan,022,3,nan,0,001,011,0,001,K022
54,25,nan,022,3,nan,0,001,011,0,001,K022
54,26,nan,022,3,nan,0,001,011,0,001,K022
55,1,nan,022,4,nan,0,001,011,0,001,K022
55,2,nan,022,4,nan,0,001,011,0,001,K022
55,3,nan,022,4,nan,0,001,011,0,001,K022
55,4,nan,022,4,nan,0,001,011,0,001,K022
55,5,nan,022,4,nan,0,001,011,0,001,K022
55,6,nan,022,4,nan,0,001,011,0,001,K022
55,7,nan,022,4,nan,0,001,011,0,001,K022
55,8,nan,022,4,nan,0,001,011,0,001,K022
55,9,nan,022,4,nan,0,001,011,0,001,K022
55,10,nan,022,4,nan,0,001,011,0,001,K022
55,11,nan,022,4,nan,0,001,011,0,001,K022
55,12,nan,022,4,nan,0,001,011,0,001,K022
55,13,nan,022,4,nan,0,001,011,0,001,K022
55,14,nan,022,4,nan,0,001,011,0,001,K022
55,15,nan,022,4,nan,0,001,011,0,001,K022
55,16,nan,022,4,nan,0,001,011,0,001,K022
56,1,nan,022,5,nan,0,001,011,0,001,K022
56,2,nan,022,5,nan,0,001,011,0,001,K022
56,3,nan,022,5,nan,0,001,011,0,001,K022
56,4,nan,022,5,nan,0,001,011,0,001,K022
56,5,nan,022,5,nan,0,001,011,0,001,K022
56,6,nan,022,5,nan,0,001,011,0,001,K022
56,7,nan,022,5,nan,0,001,011,0,001,K022
56,8,nan,022,5,nan,0,001,011,0,001,K022
56,9,nan,022,5,nan,0,001,011,0,001,K022
56,10,nan,022,5,nan,0,001,011,0,001,K022
56,11,nan,022,5,nan,0,001,011,0,001,K022
56,12,nan,022,5,nan,0,001,011,0,001,K022
56,13,nan,022,5,nan,0,001,011,0,001,K022
57,1,nan,022,6,nan,0,001,011,0,001,K022
57,2,nan,022,6,nan,0,001,011,0,001,K022
57,3,nan,022,6,nan,0,001,011,0,001,K022
57,4,nan,022,6,nan,0,001,011,0,001,K022
57,5,nan,022,6,nan,0,001,011,0,001,K022
57,6,nan,022,6,nan,0,001,011,0,001,K022
57,7,nan,022,6,nan,0,001,011,0,001,K022
57,8,nan,022,6,nan,0,001,011,0,001,K022
57,9,nan,022,6,nan,0,001,011,0,001,K022
57,10,nan,022,6,nan,0,001,011,0,001,K022
57,11,nan,022,6,nan,0,001,011,0,001,K022
57,12,nan,022,6,nan,0,001,011,0,001,K022
57,13,nan,022,6,nan,0,001,011,0,001,K022
57,14,nan,022,6,nan,0,001,011,0,001,K022
57,15,nan,022,6,nan,0,001,011,0,001,K022
57,16,nan,022,6,nan,0,001,011,0,001,K022
58,1,nan,022,7,nan,0,001,011,0,001,K022
58,2,nan,022,7,nan,0,001,011,0,001,K022
58,3,nan,022,7,nan,0,001,011,0,001,K022
58,4,nan,022,7,nan,0,001,011,0,001,K022
58,5,nan,022,7,nan,0,001,011,0,001,K022
58,6,nan,022,7,nan,0,001,011,0,001,K022
58,7,nan,022,7,nan,0,001,011,0,001,K022
58,8,nan,022,7,nan,0,001,011,0,001,K022
58,9,nan,022,7,nan,0,001,011,0,001,K022
58,10,nan,022,7,nan,0,001,011,0,001,K022
58,11,nan,022,7,nan,0,001,011,0,001,K022
58,12,nan,022,7,nan,0,001,011,0,001,K022
58,13,nan,022,7,nan,0,001,011,0,001,K022
58,14,nan,022,7,nan,0,001,011,0,001,K022
58,15,nan,022,7,nan,0,001,011,0,001,K022
58,16,nan,022,7,nan,0,001,011,0,001,K022
58,17,nan,022,7,nan,0,001,011,0,001,K022
58,18,nan,022,7,nan,0,001,011,0,001,K022
58,19,nan,022,7,nan,0,001,011,0,001,K022
58,20,nan,022,7,nan,0,001,011,0,001,K022
58,21,nan,022,7,nan,0,001,011,0,001,K022
58,22,nan,022,7,nan,0,001,011,0,001,K022
58,23,nan,022,7,nan,0,001,011,0,001,K022
58,24,nan,022,7,nan,0,001,011,0,001,K022
58,25,nan,022,7,nan,0,001,011,0,001,K022
58,26,nan,022,7,nan,0,001,011,0,001,K022
58,27,nan,022,7,nan,0,001,011,0,001,K022
58,28,nan,022,7,nan,0,001,011,0,001,K022
58,29,nan,022,7,nan,0,001,011,0,001,K022
58,30,nan,022,7,nan,0,001,011,0,001,K022
58,31,nan,022,7,nan,0,001,011,0,001,K022
58,32,nan,022,7,nan,0,001,011,0,001,K022
58,33,nan,022,7,nan,0,001,011,0,001,K022
58,34,nan,022,7,nan,0,001,011,0,001,K022
59,1,nan,022,8,nan,0,001,011,0,001,K022
59,2,nan,022,8,nan,0,001,011,0,001,K022
59,3,nan,022,8,nan,0,001,011,0,001,K022
59,4,nan,022,8,nan,0,001,011,0,001,K022
59,5,nan,022,8,nan,0,001,011,0,001,K022
59,6,nan,022,8,nan,0,001,011,0,001,K022
59,7,nan,022,8,nan,0,001,011,0,001,K022
59,8,nan,022,8,nan,0,001,011,0,001,K022
59,9,nan,022,8,nan,0,001,011,0,001,K022
59,10,nan,022,8,nan,0,001,011,0,001,K022
59,11,nan,022,8,nan,0,001,011,0,001,K022
59,12,nan,022,8,nan,0,001,011,0,001,K022
59,13,nan,022,8,nan,0,001,011,0,001,K022
59,14,nan,022,8,nan,0,001,011,0,001,K022
59,15,nan,022,8,nan,0,001,011,0,001,K022
59,16,nan,022,8,nan,0,001,011,0,001,K022
59,17,nan,022,8,nan,0,001,011,0,001,K022
59,18,nan,022,8,nan,0,001,011,0,001,K022
59,19,nan,022,8,nan,0,001,011,0,001,K022
59,20,nan,022,8,nan,0,001,011,0,001,K022
59,21,nan,022,8,nan,0,001,011,0,001,K022
59,22,nan,022,8,nan,0,001,011,0,001,K022
59,23,nan,022,8,nan,0,001,011,0,001,K022
59,24,nan,022,8,nan,0,001,011,0,001,K022
59,25,nan,022,8,nan,0,001,011,0,001,K022
59,26,nan,022,8,nan,0,001,011,0,001,K022
59,27,nan,022,8,nan,0,001,011,0,001,K022
59,28,nan,022,8,nan,0,001,011,0,001,K022
59,29,nan,022,8,nan,0,001,011,0,001,K022
59,30,nan,022,8,nan,0,001,011,0,001,K022
59,31,nan,022,8,nan,0,001,011,0,001,K022
59,32,nan,022,8,nan,0,001,011,0,001,K022
59,33,nan,022,8,nan,0,001,011,0,001,K022
59,34,nan,022,8,nan,0,001,011,0,001,K022
59,35,nan,022,8,nan,0,001,011,0,001,K022
59,36,nan,022,8,nan,0,001,011,0,001,K022
59,37,nan,022,8,nan,0,001,011,0,001,K022
60,1,nan,022,9,nan,0,001,011,0,001,K022
60,2,nan,022,9,nan,0,001,011,0,001,K022
60,3,nan,022,9,nan,0,001,011,0,001,K022
60,4,nan,022,9,nan,0,001,011,0,001,K022
60,5,nan,022,9,nan,0,001,011,0,001,K022
60,6,nan,022,9,nan,0,001,011,0,001,K022
60,7,nan,022,9,nan,0,001,011,0,001,K022
60,8,nan,022,9,nan,0,001,011,0,001,K022
60,9,nan,022,9,nan,0,001,011,0,001,K022
60,10,nan,022,9,nan,0,001,011,0,001,K022
60,11,nan,022,9,nan,0,001,011,0,001,K022
60,12,nan,022,9,nan,0,001,011,0,001,K022
60,13,nan,022,9,nan,0,001,011,0,001,K022
60,14,nan,022,9,nan,0,001,011,0,001,K022
60,15,nan,022,9,nan,0,001,011,0,001,K022
60,16,nan,022,9,nan,0,001,011,0,001,K022
60,17,nan,022,9,nan,0,001,011,0,001,K022
